id,Info_Received
1000205,How to protect yourself from the disease?
1000205,Symptoms of the new coronavirus disease
1000205,How it is transmitted
1000205,What to do if you have the symptoms
1000205,Risks and complications
1000176,How to protect yourself from the disease?
1000176,Symptoms of the new coronavirus disease
1000176,How it is transmitted
1000176,What to do if you have the symptoms
1000176,Risks and complications
1000301,How to protect yourself from the disease?
1000301,Symptoms of the new coronavirus disease
1000301,How it is transmitted
1000301,What to do if you have the symptoms
1000301,Risks and complications
1000315,How to protect yourself from the disease?
1000315,What to do if you have the symptoms
1000187,How to protect yourself from the disease?
1000187,Symptoms of the new coronavirus disease
1000187,How it is transmitted
1000187,What to do if you have the symptoms
1000171,How to protect yourself from the disease?
1000171,Symptoms of the new coronavirus disease
1000171,How it is transmitted
1000171,What to do if you have the symptoms
1000171,Risks and complications
1000212,How to protect yourself from the disease?
1000212,Symptoms of the new coronavirus disease
1000212,How it is transmitted
1000212,What to do if you have the symptoms
1000217,How to protect yourself from the disease?
1000217,Symptoms of the new coronavirus disease
1000217,How it is transmitted
1000217,What to do if you have the symptoms
1000217,Risks and complications
1000237,How to protect yourself from the disease?
1000237,Symptoms of the new coronavirus disease
1000237,How it is transmitted
1000237,What to do if you have the symptoms
1000237,Risks and complications
1000121,How to protect yourself from the disease?
1000121,Symptoms of the new coronavirus disease
1000121,How it is transmitted
1000121,What to do if you have the symptoms
1000121,Risks and complications
1000285,How to protect yourself from the disease?
1000285,Symptoms of the new coronavirus disease
1000285,How it is transmitted
1000285,What to do if you have the symptoms
1000285,Risks and complications
1000233,How to protect yourself from the disease?
1000233,Symptoms of the new coronavirus disease
1000233,How it is transmitted
1000233,What to do if you have the symptoms
1000233,Risks and complications
1000261,How to protect yourself from the disease?
1000261,Symptoms of the new coronavirus disease
1000261,How it is transmitted
1000261,What to do if you have the symptoms
1000104,How to protect yourself from the disease?
1000104,Symptoms of the new coronavirus disease
1000104,How it is transmitted
1000104,What to do if you have the symptoms
1000104,Risks and complications
1000147,How to protect yourself from the disease?
1000147,Symptoms of the new coronavirus disease
1000147,How it is transmitted
1000147,What to do if you have the symptoms
1000147,Risks and complications
1000174,How to protect yourself from the disease?
1000174,Symptoms of the new coronavirus disease
1000174,How it is transmitted
1000174,What to do if you have the symptoms
1000174,Risks and complications
1000225,How to protect yourself from the disease?
1000225,Symptoms of the new coronavirus disease
1000225,What to do if you have the symptoms
1000275,How to protect yourself from the disease?
1000275,Symptoms of the new coronavirus disease
1000275,How it is transmitted
1000275,What to do if you have the symptoms
1000275,Risks and complications
1000119,How to protect yourself from the disease?
1000119,Symptoms of the new coronavirus disease
1000119,How it is transmitted
1000119,What to do if you have the symptoms
1000119,Risks and complications
1000128,How to protect yourself from the disease?
1000128,Symptoms of the new coronavirus disease
1000128,How it is transmitted
1000128,What to do if you have the symptoms
1000128,Risks and complications
1000141,How to protect yourself from the disease?
1000141,Symptoms of the new coronavirus disease
1000141,How it is transmitted
1000141,What to do if you have the symptoms
1000141,Risks and complications
1000185,How to protect yourself from the disease?
1000185,Symptoms of the new coronavirus disease
1000185,How it is transmitted
1000185,What to do if you have the symptoms
1000185,Risks and complications
1000122,How to protect yourself from the disease?
1000122,Symptoms of the new coronavirus disease
1000122,How it is transmitted
1000122,What to do if you have the symptoms
1000122,Risks and complications
1000167,How to protect yourself from the disease?
1000167,Symptoms of the new coronavirus disease
1000167,How it is transmitted
1000167,What to do if you have the symptoms
1000167,Risks and complications
1000117,How to protect yourself from the disease?
1000117,Symptoms of the new coronavirus disease
1000117,How it is transmitted
1000117,What to do if you have the symptoms
1000117,Risks and complications
1000111,How to protect yourself from the disease?
1000111,Symptoms of the new coronavirus disease
1000111,How it is transmitted
1000111,What to do if you have the symptoms
1000111,Risks and complications
1000290,How to protect yourself from the disease?
1000290,Symptoms of the new coronavirus disease
1000290,How it is transmitted
1000290,What to do if you have the symptoms
1000290,Risks and complications
1000131,How to protect yourself from the disease?
1000131,Symptoms of the new coronavirus disease
1000131,How it is transmitted
1000131,What to do if you have the symptoms
1000131,Risks and complications
1000226,How to protect yourself from the disease?
1000226,Symptoms of the new coronavirus disease
1000226,How it is transmitted
1000226,What to do if you have the symptoms
1000226,Risks and complications
1000289,How to protect yourself from the disease?
1000289,How it is transmitted
1000204,How to protect yourself from the disease?
1000204,Symptoms of the new coronavirus disease
1000204,How it is transmitted
1000204,What to do if you have the symptoms
1000190,How to protect yourself from the disease?
1000190,Symptoms of the new coronavirus disease
1000190,How it is transmitted
1000214,How to protect yourself from the disease?
1000214,Symptoms of the new coronavirus disease
1000214,How it is transmitted
1000214,What to do if you have the symptoms
1000214,Risks and complications
1000199,How to protect yourself from the disease?
1000199,Symptoms of the new coronavirus disease
1000199,How it is transmitted
1000199,What to do if you have the symptoms
1000199,Risks and complications
1000155,How to protect yourself from the disease?
1000155,Symptoms of the new coronavirus disease
1000155,How it is transmitted
1000155,What to do if you have the symptoms
1000135,How to protect yourself from the disease?
1000135,Symptoms of the new coronavirus disease
1000135,How it is transmitted
1000135,What to do if you have the symptoms
1000135,Risks and complications
1000177,How to protect yourself from the disease?
1000177,Symptoms of the new coronavirus disease
1000177,How it is transmitted
1000177,What to do if you have the symptoms
1000177,Risks and complications
1000177,Number of people infected with the virus
1000116,How to protect yourself from the disease?
1000116,Symptoms of the new coronavirus disease
1000116,How it is transmitted
1000116,What to do if you have the symptoms
1000116,Risks and complications
1000206,How to protect yourself from the disease?
1000206,Symptoms of the new coronavirus disease
1000206,How it is transmitted
1000206,What to do if you have the symptoms
1000206,Risks and complications
1000318,How to protect yourself from the disease?
1000318,Symptoms of the new coronavirus disease
1000318,How it is transmitted
1000318,What to do if you have the symptoms
1000318,Risks and complications
1000271,How to protect yourself from the disease?
1000271,Symptoms of the new coronavirus disease
1000271,How it is transmitted
1000271,What to do if you have the symptoms
1000271,Risks and complications
1000295,How to protect yourself from the disease?
1000295,Symptoms of the new coronavirus disease
1000295,How it is transmitted
1000295,What to do if you have the symptoms
1000295,Risks and complications
1000158,How to protect yourself from the disease?
1000158,Symptoms of the new coronavirus disease
1000158,How it is transmitted
1000158,What to do if you have the symptoms
1000158,Risks and complications
1000246,How to protect yourself from the disease?
1000246,Symptoms of the new coronavirus disease
1000246,How it is transmitted
1000246,What to do if you have the symptoms
1000246,Risks and complications
1000196,How to protect yourself from the disease?
1000196,Symptoms of the new coronavirus disease
1000196,How it is transmitted
1000196,What to do if you have the symptoms
1000196,Risks and complications
1000189,How to protect yourself from the disease?
1000189,Symptoms of the new coronavirus disease
1000189,What to do if you have the symptoms
1000268,How to protect yourself from the disease?
1000268,Symptoms of the new coronavirus disease
1000268,How it is transmitted
1000268,What to do if you have the symptoms
1000268,Risks and complications
1000203,How to protect yourself from the disease?
1000114,How to protect yourself from the disease?
1000114,Symptoms of the new coronavirus disease
1000114,How it is transmitted
1000114,What to do if you have the symptoms
1000114,Risks and complications
1000219,How to protect yourself from the disease?
1000219,Symptoms of the new coronavirus disease
1000219,How it is transmitted
1000219,What to do if you have the symptoms
1000219,Risks and complications
1000302,How to protect yourself from the disease?
1000302,Symptoms of the new coronavirus disease
1000302,How it is transmitted
1000302,What to do if you have the symptoms
1000302,Risks and complications
1000260,How to protect yourself from the disease?
1000260,Symptoms of the new coronavirus disease
1000260,How it is transmitted
1000260,What to do if you have the symptoms
1000260,Risks and complications
1000239,How to protect yourself from the disease?
1000239,Symptoms of the new coronavirus disease
1000239,How it is transmitted
1000239,What to do if you have the symptoms
1000239,Risks and complications
1000239,treatment
1000194,How to protect yourself from the disease?
1000194,Symptoms of the new coronavirus disease
1000194,How it is transmitted
1000194,What to do if you have the symptoms
1000194,Risks and complications
1000198,How to protect yourself from the disease?
1000198,Symptoms of the new coronavirus disease
1000198,How it is transmitted
1000198,What to do if you have the symptoms
1000198,Risks and complications
1000162,How to protect yourself from the disease?
1000162,Symptoms of the new coronavirus disease
1000162,How it is transmitted
1000162,What to do if you have the symptoms
1000162,Risks and complications
1000136,How to protect yourself from the disease?
1000136,Symptoms of the new coronavirus disease
1000136,How it is transmitted
1000181,How to protect yourself from the disease?
1000181,Symptoms of the new coronavirus disease
1000181,How it is transmitted
1000181,What to do if you have the symptoms
1000210,How to protect yourself from the disease?
1000210,Symptoms of the new coronavirus disease
1000210,How it is transmitted
1000210,What to do if you have the symptoms
1000139,How to protect yourself from the disease?
1000139,Symptoms of the new coronavirus disease
1000139,How it is transmitted
1000139,What to do if you have the symptoms
1000139,Risks and complications
1000133,How to protect yourself from the disease?
1000133,Symptoms of the new coronavirus disease
1000133,How it is transmitted
1000133,What to do if you have the symptoms
1000133,Risks and complications
1000133,Treatment of mild symptoms
1000243,How to protect yourself from the disease?
1000243,Symptoms of the new coronavirus disease
1000243,How it is transmitted
1000243,What to do if you have the symptoms
1000243,Risks and complications
1000169,How to protect yourself from the disease?
1000169,Symptoms of the new coronavirus disease
1000169,How it is transmitted
1000169,What to do if you have the symptoms
1000169,Risks and complications
1000182,How to protect yourself from the disease?
1000182,Symptoms of the new coronavirus disease
1000182,How it is transmitted
1000182,What to do if you have the symptoms
1000170,How to protect yourself from the disease?
1000170,Symptoms of the new coronavirus disease
1000170,How it is transmitted
1000170,What to do if you have the symptoms
1000170,Risks and complications
1000101,How to protect yourself from the disease?
1000101,Symptoms of the new coronavirus disease
1000101,How it is transmitted
1000101,What to do if you have the symptoms
1000101,Risks and complications
1000101,"Myths about the disease, "
1000267,How to protect yourself from the disease?
1000267,Symptoms of the new coronavirus disease
1000267,How it is transmitted
1000134,How to protect yourself from the disease?
1000134,Symptoms of the new coronavirus disease
1000134,How it is transmitted
1000134,What to do if you have the symptoms
1000134,Risks and complications
1000221,How to protect yourself from the disease?
1000221,Symptoms of the new coronavirus disease
1000221,How it is transmitted
1000221,What to do if you have the symptoms
1000148,How to protect yourself from the disease?
1000148,Symptoms of the new coronavirus disease
1000148,How it is transmitted
1000148,What to do if you have the symptoms
1000252,How to protect yourself from the disease?
1000252,Symptoms of the new coronavirus disease
1000252,How it is transmitted
1000274,How to protect yourself from the disease?
1000274,Symptoms of the new coronavirus disease
1000274,How it is transmitted
1000274,What to do if you have the symptoms
1000274,Risks and complications
1000144,How to protect yourself from the disease?
1000144,Symptoms of the new coronavirus disease
1000144,How it is transmitted
1000144,What to do if you have the symptoms
1000220,How to protect yourself from the disease?
1000220,Symptoms of the new coronavirus disease
1000220,How it is transmitted
1000220,What to do if you have the symptoms
1000220,Risks and complications
1000192,How to protect yourself from the disease?
1000192,Symptoms of the new coronavirus disease
1000192,How it is transmitted
1000192,What to do if you have the symptoms
1000192,Risks and complications
1000253,How to protect yourself from the disease?
1000253,Symptoms of the new coronavirus disease
1000253,How it is transmitted
1000253,What to do if you have the symptoms
1000253,Risks and complications
1000215,How to protect yourself from the disease?
1000215,Symptoms of the new coronavirus disease
1000215,How it is transmitted
1000215,What to do if you have the symptoms
1000215,Risks and complications
1000157,How to protect yourself from the disease?
1000157,Symptoms of the new coronavirus disease
1000157,How it is transmitted
1000157,What to do if you have the symptoms
1000157,Risks and complications
1000113,How to protect yourself from the disease?
1000113,Symptoms of the new coronavirus disease
1000113,How it is transmitted
1000113,What to do if you have the symptoms
1000113,Risks and complications
1000140,How to protect yourself from the disease?
1000140,Symptoms of the new coronavirus disease
1000140,How it is transmitted
1000140,What to do if you have the symptoms
1000211,How to protect yourself from the disease?
1000211,Symptoms of the new coronavirus disease
1000211,How it is transmitted
1000211,What to do if you have the symptoms
1000211,Risks and complications
1000197,How to protect yourself from the disease?
1000197,Symptoms of the new coronavirus disease
1000197,How it is transmitted
1000197,What to do if you have the symptoms
1000197,Risks and complications
1000313,How to protect yourself from the disease?
1000313,Symptoms of the new coronavirus disease
1000313,How it is transmitted
1000313,What to do if you have the symptoms
1000313,Risks and complications
1000266,How to protect yourself from the disease?
1000266,Symptoms of the new coronavirus disease
1000266,How it is transmitted
1000266,What to do if you have the symptoms
1000266,Risks and complications
1000108,How to protect yourself from the disease?
1000108,Symptoms of the new coronavirus disease
1000108,How it is transmitted
1000108,What to do if you have the symptoms
1000108,Risks and complications
1000164,How to protect yourself from the disease?
1000164,Symptoms of the new coronavirus disease
1000164,How it is transmitted
1000164,What to do if you have the symptoms
1000164,Risks and complications
1000110,How to protect yourself from the disease?
1000110,Symptoms of the new coronavirus disease
1000110,How it is transmitted
1000110,What to do if you have the symptoms
1000103,How to protect yourself from the disease?
1000103,Symptoms of the new coronavirus disease
1000103,How it is transmitted
1000103,What to do if you have the symptoms
1000103,Risks and complications
1000256,How to protect yourself from the disease?
1000256,How it is transmitted
1000256,What to do if you have the symptoms
1000264,How to protect yourself from the disease?
1000264,Symptoms of the new coronavirus disease
1000264,How it is transmitted
1000264,Risks and complications
1000193,How to protect yourself from the disease?
1000193,Symptoms of the new coronavirus disease
1000193,How it is transmitted
1000193,What to do if you have the symptoms
1000244,How to protect yourself from the disease?
1000244,Symptoms of the new coronavirus disease
1000244,How it is transmitted
1000244,What to do if you have the symptoms
1000244,Risks and complications
1000283,How to protect yourself from the disease?
1000283,Symptoms of the new coronavirus disease
1000283,How it is transmitted
1000283,What to do if you have the symptoms
1000283,Risks and complications
1000159,How to protect yourself from the disease?
1000159,Symptoms of the new coronavirus disease
1000159,How it is transmitted
1000159,What to do if you have the symptoms
1000159,Risks and complications
1000262,How to protect yourself from the disease?
1000262,Symptoms of the new coronavirus disease
1000262,How it is transmitted
1000262,What to do if you have the symptoms
1000262,Risks and complications
1000126,How to protect yourself from the disease?
1000126,Symptoms of the new coronavirus disease
1000126,How it is transmitted
1000126,What to do if you have the symptoms
1000126,Risks and complications
1000254,How to protect yourself from the disease?
1000254,Symptoms of the new coronavirus disease
1000254,How it is transmitted
1000254,What to do if you have the symptoms
1000254,Risks and complications
1000152,How to protect yourself from the disease?
1000152,Symptoms of the new coronavirus disease
1000152,How it is transmitted
1000152,What to do if you have the symptoms
1000152,Risks and complications
1000238,How to protect yourself from the disease?
1000238,Symptoms of the new coronavirus disease
1000238,How it is transmitted
1000238,What to do if you have the symptoms
1000238,Risks and complications
1000277,How to protect yourself from the disease?
1000277,Symptoms of the new coronavirus disease
1000277,How it is transmitted
1000277,What to do if you have the symptoms
1000106,How to protect yourself from the disease?
1000106,Symptoms of the new coronavirus disease
1000106,How it is transmitted
1000106,What to do if you have the symptoms
1000106,Risks and complications
1000130,How to protect yourself from the disease?
1000130,Symptoms of the new coronavirus disease
1000130,How it is transmitted
1000130,What to do if you have the symptoms
1000130,Risks and complications
1000130,Itâ€™s manifests differently in among the black race especially in the USA
1000224,How to protect yourself from the disease?
1000224,Symptoms of the new coronavirus disease
1000224,How it is transmitted
1000224,What to do if you have the symptoms
1000143,How to protect yourself from the disease?
1000143,Symptoms of the new coronavirus disease
1000143,How it is transmitted
1000143,What to do if you have the symptoms
1000161,How to protect yourself from the disease?
1000161,Symptoms of the new coronavirus disease
1000161,How it is transmitted
1000161,What to do if you have the symptoms
1000161,Risks and complications
1000137,How to protect yourself from the disease?
1000137,Symptoms of the new coronavirus disease
1000137,How it is transmitted
1000137,What to do if you have the symptoms
1000137,Risks and complications
1000201,How to protect yourself from the disease?
1000201,Symptoms of the new coronavirus disease
1000201,How it is transmitted
1000201,What to do if you have the symptoms
1000201,Risks and complications
1000300,How to protect yourself from the disease?
1000300,Symptoms of the new coronavirus disease
1000300,How it is transmitted
1000300,What to do if you have the symptoms
1000300,Risks and complications
1000317,How to protect yourself from the disease?
1000317,Symptoms of the new coronavirus disease
1000317,How it is transmitted
1000317,What to do if you have the symptoms
1000317,Risks and complications
1000314,How to protect yourself from the disease?
1000314,Symptoms of the new coronavirus disease
1000314,How it is transmitted
1000314,What to do if you have the symptoms
1000314,Risks and complications
1000235,How to protect yourself from the disease?
1000235,Symptoms of the new coronavirus disease
1000235,How it is transmitted
1000235,What to do if you have the symptoms
1000320,How to protect yourself from the disease?
1000320,Symptoms of the new coronavirus disease
1000320,How it is transmitted
1000320,What to do if you have the symptoms
1000320,Risks and complications
1000304,How to protect yourself from the disease?
1000304,Symptoms of the new coronavirus disease
1000304,How it is transmitted
1000304,What to do if you have the symptoms
1000304,Risks and complications
1000195,How to protect yourself from the disease?
1000195,Symptoms of the new coronavirus disease
1000195,How it is transmitted
1000195,What to do if you have the symptoms
1000195,Risks and complications
1000292,How to protect yourself from the disease?
1000292,Symptoms of the new coronavirus disease
1000292,How it is transmitted
1000292,What to do if you have the symptoms
1000292,Risks and complications
1000163,How to protect yourself from the disease?
1000163,Symptoms of the new coronavirus disease
1000163,How it is transmitted
1000163,What to do if you have the symptoms
1000163,Risks and complications
1000307,How to protect yourself from the disease?
1000307,Symptoms of the new coronavirus disease
1000307,How it is transmitted
1000153,How to protect yourself from the disease?
1000153,Symptoms of the new coronavirus disease
1000153,How it is transmitted
1000153,What to do if you have the symptoms
1000153,Risks and complications
1000132,How to protect yourself from the disease?
1000132,Symptoms of the new coronavirus disease
1000132,How it is transmitted
1000132,What to do if you have the symptoms
1000168,How to protect yourself from the disease?
1000168,Symptoms of the new coronavirus disease
1000168,How it is transmitted
1000168,What to do if you have the symptoms
1000306,How to protect yourself from the disease?
1000306,Symptoms of the new coronavirus disease
1000306,How it is transmitted
1000306,What to do if you have the symptoms
1000306,Risks and complications
1000180,How to protect yourself from the disease?
1000180,Symptoms of the new coronavirus disease
1000180,How it is transmitted
1000180,What to do if you have the symptoms
1000180,Risks and complications
1000151,How to protect yourself from the disease?
1000151,Symptoms of the new coronavirus disease
1000151,What to do if you have the symptoms
1000165,How to protect yourself from the disease?
1000165,Symptoms of the new coronavirus disease
1000165,How it is transmitted
1000165,What to do if you have the symptoms
1000165,Risks and complications
1000154,How to protect yourself from the disease?
1000154,Symptoms of the new coronavirus disease
1000154,How it is transmitted
1000154,What to do if you have the symptoms
1000231,How to protect yourself from the disease?
1000231,Symptoms of the new coronavirus disease
1000231,What to do if you have the symptoms
1000231,Risks and complications
1000269,How to protect yourself from the disease?
1000269,Symptoms of the new coronavirus disease
1000269,How it is transmitted
1000269,What to do if you have the symptoms
1000175,How to protect yourself from the disease?
1000175,Symptoms of the new coronavirus disease
1000175,How it is transmitted
1000175,What to do if you have the symptoms
1000175,Risks and complications
1000188,How to protect yourself from the disease?
1000188,Symptoms of the new coronavirus disease
1000188,How it is transmitted
1000188,What to do if you have the symptoms
1000188,Risks and complications
1000123,How to protect yourself from the disease?
1000123,Symptoms of the new coronavirus disease
1000123,How it is transmitted
1000123,Risks and complications
1000109,How to protect yourself from the disease?
1000109,Symptoms of the new coronavirus disease
1000109,How it is transmitted
1000109,What to do if you have the symptoms
1000109,Risks and complications
1000270,How to protect yourself from the disease?
1000270,Symptoms of the new coronavirus disease
1000270,How it is transmitted
1000270,What to do if you have the symptoms
1000270,Risks and complications
1000229,How to protect yourself from the disease?
1000229,Symptoms of the new coronavirus disease
1000229,How it is transmitted
1000229,Risks and complications
1000150,How to protect yourself from the disease?
1000150,Symptoms of the new coronavirus disease
1000150,How it is transmitted
1000150,What to do if you have the symptoms
1000319,How to protect yourself from the disease?
1000319,Symptoms of the new coronavirus disease
1000319,How it is transmitted
1000319,Risks and complications
1000124,How to protect yourself from the disease?
1000124,Symptoms of the new coronavirus disease
1000124,How it is transmitted
1000124,What to do if you have the symptoms
1000124,Risks and complications
1000160,How to protect yourself from the disease?
1000160,Symptoms of the new coronavirus disease
1000160,How it is transmitted
1000160,What to do if you have the symptoms
1000160,Risks and complications
1000184,How to protect yourself from the disease?
1000184,Symptoms of the new coronavirus disease
1000184,How it is transmitted
1000184,What to do if you have the symptoms
1000184,Risks and complications
1000172,How to protect yourself from the disease?
1000172,Symptoms of the new coronavirus disease
1000172,How it is transmitted
1000172,What to do if you have the symptoms
1000172,Risks and complications
1000240,How to protect yourself from the disease?
1000240,Symptoms of the new coronavirus disease
1000240,How it is transmitted
1000240,What to do if you have the symptoms
1000240,Risks and complications
1000112,How to protect yourself from the disease?
1000112,Symptoms of the new coronavirus disease
1000112,How it is transmitted
1000112,What to do if you have the symptoms
1000112,Risks and complications
1000263,How to protect yourself from the disease?
1000263,Symptoms of the new coronavirus disease
1000263,How it is transmitted
1000263,What to do if you have the symptoms
1000263,Risks and complications
1000322,How to protect yourself from the disease?
1000322,What to do if you have the symptoms
1000138,How to protect yourself from the disease?
1000138,Symptoms of the new coronavirus disease
1000138,How it is transmitted
1000138,What to do if you have the symptoms
1000138,Risks and complications
1000310,How to protect yourself from the disease?
1000310,Symptoms of the new coronavirus disease
1000310,How it is transmitted
1000257,How to protect yourself from the disease?
1000257,Symptoms of the new coronavirus disease
1000257,How it is transmitted
1000257,What to do if you have the symptoms
1000257,Risks and complications
1000287,How to protect yourself from the disease?
1000287,Symptoms of the new coronavirus disease
1000287,What to do if you have the symptoms
1000287,Risks and complications
1000213,How to protect yourself from the disease?
1000213,Symptoms of the new coronavirus disease
1000213,How it is transmitted
1000213,What to do if you have the symptoms
1000218,How to protect yourself from the disease?
1000218,Symptoms of the new coronavirus disease
1000218,How it is transmitted
1000218,What to do if you have the symptoms
1000305,How to protect yourself from the disease?
1000305,Symptoms of the new coronavirus disease
1000305,How it is transmitted
1000305,What to do if you have the symptoms
1000305,Risks and complications
1000118,How to protect yourself from the disease?
1000118,Symptoms of the new coronavirus disease
1000118,How it is transmitted
1000118,What to do if you have the symptoms
1000118,Risks and complications
1000200,How to protect yourself from the disease?
1000200,Symptoms of the new coronavirus disease
1000200,How it is transmitted
1000200,What to do if you have the symptoms
1000200,Risks and complications
1000248,How to protect yourself from the disease?
1000248,Symptoms of the new coronavirus disease
1000248,What to do if you have the symptoms
1000280,How to protect yourself from the disease?
1000280,Symptoms of the new coronavirus disease
1000280,How it is transmitted
1000280,What to do if you have the symptoms
1000280,Risks and complications
1000234,How to protect yourself from the disease?
1000234,How it is transmitted
1000234,What to do if you have the symptoms
1000234,Risks and complications
1000282,How to protect yourself from the disease?
1000282,Symptoms of the new coronavirus disease
1000282,How it is transmitted
1000282,What to do if you have the symptoms
1000228,How to protect yourself from the disease?
1000228,Symptoms of the new coronavirus disease
1000228,How it is transmitted
1000228,What to do if you have the symptoms
1000242,How to protect yourself from the disease?
1000242,Symptoms of the new coronavirus disease
1000242,How it is transmitted
1000242,What to do if you have the symptoms
1000312,How to protect yourself from the disease?
1000312,Symptoms of the new coronavirus disease
1000312,How it is transmitted
1000312,What to do if you have the symptoms
1000312,Risks and complications
1000281,How to protect yourself from the disease?
1000281,Symptoms of the new coronavirus disease
1000281,How it is transmitted
1000281,What to do if you have the symptoms
1000281,Risks and complications
1000120,How to protect yourself from the disease?
1000120,How it is transmitted
1000120,What to do if you have the symptoms
1000120,Risks and complications
1000230,How to protect yourself from the disease?
1000230,Symptoms of the new coronavirus disease
1000230,How it is transmitted
1000230,What to do if you have the symptoms
1000230,Risks and complications
1000209,How to protect yourself from the disease?
1000209,Symptoms of the new coronavirus disease
1000209,How it is transmitted
1000209,What to do if you have the symptoms
1000276,How to protect yourself from the disease?
1000276,Symptoms of the new coronavirus disease
1000276,How it is transmitted
1000232,How to protect yourself from the disease?
1000232,Symptoms of the new coronavirus disease
1000232,How it is transmitted
1000232,What to do if you have the symptoms
1000245,How to protect yourself from the disease?
1000245,How it is transmitted
1000245,What to do if you have the symptoms
1000245,Risks and complications
1000125,How to protect yourself from the disease?
1000125,Symptoms of the new coronavirus disease
1000125,How it is transmitted
1000125,What to do if you have the symptoms
1000125,Risks and complications
1000286,How to protect yourself from the disease?
1000286,Symptoms of the new coronavirus disease
1000286,How it is transmitted
1000286,What to do if you have the symptoms
1000286,Risks and complications
1000255,How to protect yourself from the disease?
1000255,Symptoms of the new coronavirus disease
1000255,How it is transmitted
1000255,What to do if you have the symptoms
1000255,Risks and complications
1000272,How to protect yourself from the disease?
1000272,Symptoms of the new coronavirus disease
1000272,How it is transmitted
1000272,What to do if you have the symptoms
1000249,How to protect yourself from the disease?
1000249,Symptoms of the new coronavirus disease
1000249,How it is transmitted
1000249,What to do if you have the symptoms
1000249,Risks and complications
1000258,How to protect yourself from the disease?
1000258,Symptoms of the new coronavirus disease
1000258,How it is transmitted
1000258,What to do if you have the symptoms
1000294,How to protect yourself from the disease?
1000294,Symptoms of the new coronavirus disease
1000294,How it is transmitted
1000294,What to do if you have the symptoms
1000294,Risks and complications
1000216,How to protect yourself from the disease?
1000216,Symptoms of the new coronavirus disease
1000216,How it is transmitted
1000216,What to do if you have the symptoms
1000216,Risks and complications
1000156,How to protect yourself from the disease?
1000156,Symptoms of the new coronavirus disease
1000156,How it is transmitted
1000156,What to do if you have the symptoms
1000156,Risks and complications
1000102,How to protect yourself from the disease?
1000102,Symptoms of the new coronavirus disease
1000102,How it is transmitted
1000102,What to do if you have the symptoms
1000102,Risks and complications
1000166,How to protect yourself from the disease?
1000166,Symptoms of the new coronavirus disease
1000166,How it is transmitted
1000166,What to do if you have the symptoms
1000166,Risks and complications
1000207,How to protect yourself from the disease?
1000207,Symptoms of the new coronavirus disease
1000207,How it is transmitted
1000207,What to do if you have the symptoms
1000309,How to protect yourself from the disease?
1000309,Symptoms of the new coronavirus disease
1000309,How it is transmitted
1000309,What to do if you have the symptoms
1000309,Risks and complications
1000202,How to protect yourself from the disease?
1000202,Symptoms of the new coronavirus disease
1000202,How it is transmitted
1000202,What to do if you have the symptoms
1000202,Risks and complications
1000100,How to protect yourself from the disease?
1000100,Symptoms of the new coronavirus disease
1000100,How it is transmitted
1000100,What to do if you have the symptoms
1000100,Risks and complications
1000299,How to protect yourself from the disease?
1000299,Symptoms of the new coronavirus disease
1000299,How it is transmitted
1000299,What to do if you have the symptoms
1000299,Risks and complications
1000241,How to protect yourself from the disease?
1000241,Symptoms of the new coronavirus disease
1000241,How it is transmitted
1000241,What to do if you have the symptoms
1000241,Risks and complications
1000303,How to protect yourself from the disease?
1000303,Symptoms of the new coronavirus disease
1000303,How it is transmitted
1000303,What to do if you have the symptoms
1000303,Risks and complications
1000288,Symptoms of the new coronavirus disease
1000288,How it is transmitted
1000291,How to protect yourself from the disease?
1000291,Symptoms of the new coronavirus disease
1000291,How it is transmitted
1000291,What to do if you have the symptoms
1000183,How to protect yourself from the disease?
1000183,Symptoms of the new coronavirus disease
1000183,How it is transmitted
1000183,What to do if you have the symptoms
1000183,Risks and complications
1000316,How to protect yourself from the disease?
1000316,Symptoms of the new coronavirus disease
1000316,How it is transmitted
1000316,What to do if you have the symptoms
1000316,Risks and complications
1000223,How to protect yourself from the disease?
1000223,Symptoms of the new coronavirus disease
1000223,What to do if you have the symptoms
1000173,How to protect yourself from the disease?
1000173,Symptoms of the new coronavirus disease
1000173,How it is transmitted
1000173,What to do if you have the symptoms
1000173,Risks and complications
1000293,How to protect yourself from the disease?
1000293,Symptoms of the new coronavirus disease
1000293,How it is transmitted
1000293,What to do if you have the symptoms
1000293,Risks and complications
1000284,How to protect yourself from the disease?
1000284,Symptoms of the new coronavirus disease
1000284,How it is transmitted
1000284,What to do if you have the symptoms
1000284,Risks and complications
1000186,How to protect yourself from the disease?
1000186,Symptoms of the new coronavirus disease
1000186,How it is transmitted
1000186,What to do if you have the symptoms
1000129,How to protect yourself from the disease?
1000129,Symptoms of the new coronavirus disease
1000129,How it is transmitted
1000129,What to do if you have the symptoms
1000129,Risks and complications
1000129,The world death rate and spread rate
1000191,How to protect yourself from the disease?
1000191,Symptoms of the new coronavirus disease
1000191,How it is transmitted
1000191,What to do if you have the symptoms
1000251,How to protect yourself from the disease?
1000251,How it is transmitted
1000251,What to do if you have the symptoms
1000251,Risks and complications
1000179,How to protect yourself from the disease?
1000179,Symptoms of the new coronavirus disease
1000179,How it is transmitted
1000179,What to do if you have the symptoms
1000179,Risks and complications
1000178,How to protect yourself from the disease?
1000178,Symptoms of the new coronavirus disease
1000178,How it is transmitted
1000178,What to do if you have the symptoms
1000107,How to protect yourself from the disease?
1000107,Symptoms of the new coronavirus disease
1000107,How it is transmitted
1000107,What to do if you have the symptoms
1000107,Risks and complications
1000321,How to protect yourself from the disease?
1000321,How it is transmitted
1000321,Risks and complications
1000115,How to protect yourself from the disease?
1000115,Symptoms of the new coronavirus disease
1000115,How it is transmitted
1000115,What to do if you have the symptoms
1000115,Risks and complications
1000259,How to protect yourself from the disease?
1000259,Symptoms of the new coronavirus disease
1000259,How it is transmitted
1000259,What to do if you have the symptoms
1000105,How to protect yourself from the disease?
1000105,How it is transmitted
1000279,How to protect yourself from the disease?
1000279,Symptoms of the new coronavirus disease
1000279,How it is transmitted
1000279,What to do if you have the symptoms
1000279,Risks and complications
1000149,How to protect yourself from the disease?
1000149,Symptoms of the new coronavirus disease
1000149,How it is transmitted
1000149,What to do if you have the symptoms
1000149,Risks and complications
1000208,How to protect yourself from the disease?
1000208,Symptoms of the new coronavirus disease
1000208,How it is transmitted
1000208,What to do if you have the symptoms
1000208,Risks and complications
1000142,How to protect yourself from the disease?
1000142,Symptoms of the new coronavirus disease
1000142,How it is transmitted
1000142,What to do if you have the symptoms
1000142,Risks and complications
1000222,How to protect yourself from the disease?
1000222,Symptoms of the new coronavirus disease
1000222,How it is transmitted
1000222,What to do if you have the symptoms
1000222,Risks and complications
1000308,How to protect yourself from the disease?
1000308,Symptoms of the new coronavirus disease
1000308,How it is transmitted
1000308,What to do if you have the symptoms
1000308,Risks and complications
1000146,How to protect yourself from the disease?
1000146,Symptoms of the new coronavirus disease
1000146,How it is transmitted
1000146,What to do if you have the symptoms
1000298,How to protect yourself from the disease?
1000298,Symptoms of the new coronavirus disease
1000298,How it is transmitted
1000298,What to do if you have the symptoms
1000236,How to protect yourself from the disease?
1000236,Symptoms of the new coronavirus disease
1000236,How it is transmitted
1000236,What to do if you have the symptoms
1000236,Risks and complications
1000297,How to protect yourself from the disease?
1000297,Symptoms of the new coronavirus disease
1000297,How it is transmitted
1000297,What to do if you have the symptoms
1000297,Risks and complications
1000296,How to protect yourself from the disease?
1000296,Symptoms of the new coronavirus disease
1000296,How it is transmitted
1000296,What to do if you have the symptoms
1000296,Risks and complications
1000250,How to protect yourself from the disease?
1000250,How it is transmitted
1000250,What to do if you have the symptoms
1000250,Risks and complications
1000145,How to protect yourself from the disease?
1000145,Symptoms of the new coronavirus disease
1000145,How it is transmitted
1000145,What to do if you have the symptoms
1000145,Risks and complications
1000273,How to protect yourself from the disease?
1000273,Symptoms of the new coronavirus disease
1000273,How it is transmitted
1000273,What to do if you have the symptoms
1000127,How to protect yourself from the disease?
1000127,Symptoms of the new coronavirus disease
1000127,How it is transmitted
1000127,What to do if you have the symptoms
1000127,Risks and complications
1000247,How to protect yourself from the disease?
1000247,Symptoms of the new coronavirus disease
1000247,How it is transmitted
1000247,What to do if you have the symptoms
1000247,Risks and complications
1000227,How to protect yourself from the disease?
1000227,Symptoms of the new coronavirus disease
1000227,How it is transmitted
1000227,What to do if you have the symptoms
1000227,Risks and complications
1000265,How to protect yourself from the disease?
1000265,Symptoms of the new coronavirus disease
1000265,How it is transmitted
1000265,What to do if you have the symptoms
1000311,How to protect yourself from the disease?
1000311,Symptoms of the new coronavirus disease
1000311,How it is transmitted
1000311,What to do if you have the symptoms
