id,Info_Source
1000205,Radio
1000205,TV
1000205,WhatsApp
1000205,Social Media (not WhatsApp)
1000205,Health unit/Health care worker
1000205,Family members
1000205,Friends
1000205,Community health workers
1000205,Red Cross Red Crescent volunteers
1000205,Other community mobilisers
1000205,Community leaders
1000205,Religious leaders
1000205,Traditional healers
1000205,Traditional midwives
1000205,Any person from the community
1000176,Radio
1000176,TV
1000176,WhatsApp
1000176,Social Media (not WhatsApp)
1000176,Health unit/Health care worker
1000176,Family members
1000176,Friends
1000176,Religious leaders
1000301,Radio
1000301,TV
1000301,WhatsApp
1000301,Health unit/Health care worker
1000301,Family members
1000301,Friends
1000301,Community health workers
1000301,Religious leaders
1000301,Any person from the community
1000315,Radio
1000315,TV
1000187,Radio
1000187,TV
1000187,WhatsApp
1000187,Social Media (not WhatsApp)
1000187,Family members
1000187,Friends
1000187,Community leaders
1000187,Religious leaders
1000187,Any person from the community
1000171,Radio
1000171,TV
1000171,Social Media (not WhatsApp)
1000171,Family members
1000171,Friends
1000171,Community health workers
1000171,Other community mobilisers
1000171,Community leaders
1000171,Any person from the community
1000212,Radio
1000212,TV
1000212,WhatsApp
1000212,Social Media (not WhatsApp)
1000212,Health unit/Health care worker
1000212,Family members
1000212,Friends
1000212,Religious leaders
1000212,Any person from the community
1000217,Radio
1000217,TV
1000217,WhatsApp
1000217,Social Media (not WhatsApp)
1000217,Friends
1000217,Community leaders
1000237,Radio
1000237,TV
1000237,Social Media (not WhatsApp)
1000237,Family members
1000121,Radio
1000121,TV
1000121,WhatsApp
1000121,Social Media (not WhatsApp)
1000121,Family members
1000121,Friends
1000121,Religious leaders
1000285,Radio
1000285,TV
1000285,WhatsApp
1000285,Social Media (not WhatsApp)
1000285,Family members
1000285,Friends
1000285,Community health workers
1000233,Radio
1000233,TV
1000233,WhatsApp
1000233,Social Media (not WhatsApp)
1000233,Health unit/Health care worker
1000233,Family members
1000233,Friends
1000233,Community health workers
1000233,Religious leaders
1000233,Any person from the community
1000261,Radio
1000261,TV
1000261,WhatsApp
1000261,Social Media (not WhatsApp)
1000261,Health unit/Health care worker
1000261,Family members
1000261,Friends
1000104,Radio
1000104,WhatsApp
1000104,Social Media (not WhatsApp)
1000104,Friends
1000104,Religious leaders
1000104,Any person from the community
1000147,Radio
1000147,TV
1000147,WhatsApp
1000147,Social Media (not WhatsApp)
1000147,Health unit/Health care worker
1000147,Family members
1000147,Friends
1000147,Community health workers
1000147,Red Cross Red Crescent volunteers
1000147,Community leaders
1000147,Religious leaders
1000147,Traditional midwives
1000147,The president 
1000174,Radio
1000174,TV
1000174,Health unit/Health care worker
1000225,Radio
1000225,TV
1000225,WhatsApp
1000225,Social Media (not WhatsApp)
1000225,Family members
1000225,Friends
1000275,Radio
1000275,TV
1000275,WhatsApp
1000275,Social Media (not WhatsApp)
1000275,Health unit/Health care worker
1000275,Family members
1000275,Friends
1000275,Community health workers
1000275,Other community mobilisers
1000275,Community leaders
1000275,Religious leaders
1000275,Any person from the community
1000119,Radio
1000119,TV
1000119,WhatsApp
1000119,Social Media (not WhatsApp)
1000128,Radio
1000128,TV
1000128,WhatsApp
1000128,Social Media (not WhatsApp)
1000128,Health unit/Health care worker
1000128,Friends
1000128,Religious leaders
1000141,Radio
1000141,TV
1000141,WhatsApp
1000141,Health unit/Health care worker
1000141,Family members
1000141,Friends
1000185,Radio
1000185,TV
1000185,Social Media (not WhatsApp)
1000185,Family members
1000185,Friends
1000185,Community health workers
1000185,Other community mobilisers
1000185,Community leaders
1000185,Any person from the community
1000122,Radio
1000122,TV
1000122,WhatsApp
1000122,Social Media (not WhatsApp)
1000122,Health unit/Health care worker
1000122,Family members
1000122,Friends
1000122,Community health workers
1000122,Community leaders
1000122,Religious leaders
1000122,Traditional healers
1000122,Traditional midwives
1000122,Any person from the community
1000167,Radio
1000167,TV
1000167,WhatsApp
1000167,Social Media (not WhatsApp)
1000167,Health unit/Health care worker
1000167,Family members
1000167,Friends
1000167,Any person from the community
1000117,Radio
1000117,TV
1000117,WhatsApp
1000117,Social Media (not WhatsApp)
1000117,Health unit/Health care worker
1000117,Family members
1000117,Friends
1000117,Community health workers
1000117,Community leaders
1000117,Religious leaders
1000117,Any person from the community
1000111,Radio
1000111,TV
1000111,Social Media (not WhatsApp)
1000111,Family members
1000111,Friends
1000290,Radio
1000290,TV
1000290,WhatsApp
1000290,Social Media (not WhatsApp)
1000131,Radio
1000131,TV
1000131,WhatsApp
1000131,Friends
1000226,TV
1000226,WhatsApp
1000226,Friends
1000289,Radio
1000289,TV
1000289,WhatsApp
1000289,Social Media (not WhatsApp)
1000289,Community health workers
1000204,Radio
1000204,WhatsApp
1000204,Social Media (not WhatsApp)
1000204,Religious leaders
1000190,Radio
1000190,TV
1000190,WhatsApp
1000190,Social Media (not WhatsApp)
1000190,Health unit/Health care worker
1000190,Family members
1000190,Friends
1000190,Community health workers
1000190,Red Cross Red Crescent volunteers
1000190,Other community mobilisers
1000190,Community leaders
1000190,Religious leaders
1000190,Traditional healers
1000190,Traditional midwives
1000190,Any person from the community
1000214,Radio
1000214,TV
1000214,WhatsApp
1000214,Social Media (not WhatsApp)
1000214,Health unit/Health care worker
1000214,Family members
1000214,Friends
1000214,Community health workers
1000214,Religious leaders
1000214,Traditional healers
1000214,Any person from the community
1000199,Radio
1000199,TV
1000199,WhatsApp
1000199,Social Media (not WhatsApp)
1000199,Health unit/Health care worker
1000199,Family members
1000199,Friends
1000199,Community health workers
1000199,Other community mobilisers
1000199,Community leaders
1000199,Religious leaders
1000199,Any person from the community
1000155,Radio
1000155,TV
1000155,WhatsApp
1000155,Social Media (not WhatsApp)
1000155,Health unit/Health care worker
1000155,Family members
1000155,Friends
1000155,Religious leaders
1000155,Any person from the community
1000135,Radio
1000135,TV
1000135,WhatsApp
1000135,Social Media (not WhatsApp)
1000135,Health unit/Health care worker
1000135,Family members
1000135,Friends
1000135,Religious leaders
1000135,Any person from the community
1000177,Radio
1000177,TV
1000177,WhatsApp
1000177,Social Media (not WhatsApp)
1000177,Health unit/Health care worker
1000177,Family members
1000177,Friends
1000177,Community health workers
1000177,Community leaders
1000177,Religious leaders
1000116,Radio
1000116,TV
1000116,WhatsApp
1000116,Social Media (not WhatsApp)
1000116,Family members
1000116,Friends
1000116,Community health workers
1000116,Any person from the community
1000206,Radio
1000206,TV
1000206,WhatsApp
1000206,Social Media (not WhatsApp)
1000206,Health unit/Health care worker
1000206,Family members
1000206,Friends
1000206,Community health workers
1000206,Other community mobilisers
1000206,Community leaders
1000206,Traditional healers
1000206,Any person from the community
1000318,Radio
1000318,TV
1000318,WhatsApp
1000318,Social Media (not WhatsApp)
1000318,Family members
1000318,Friends
1000318,Any person from the community
1000271,Radio
1000271,TV
1000271,WhatsApp
1000271,Social Media (not WhatsApp)
1000271,Family members
1000271,Friends
1000271,Religious leaders
1000295,Radio
1000295,TV
1000295,WhatsApp
1000295,Social Media (not WhatsApp)
1000295,Family members
1000158,Radio
1000158,TV
1000158,WhatsApp
1000158,Social Media (not WhatsApp)
1000158,Family members
1000158,Friends
1000158,Community leaders
1000158,Religious leaders
1000246,Radio
1000246,TV
1000246,Social Media (not WhatsApp)
1000246,Family members
1000246,Friends
1000246,Any person from the community
1000196,Radio
1000196,TV
1000196,WhatsApp
1000196,Social Media (not WhatsApp)
1000196,Health unit/Health care worker
1000196,Family members
1000196,Friends
1000189,Radio
1000189,TV
1000189,WhatsApp
1000189,Social Media (not WhatsApp)
1000189,Health unit/Health care worker
1000189,Family members
1000189,Friends
1000189,Community health workers
1000189,Community leaders
1000189,Religious leaders
1000189,Any person from the community
1000268,Radio
1000268,TV
1000268,WhatsApp
1000268,Social Media (not WhatsApp)
1000268,Health unit/Health care worker
1000268,Family members
1000268,Friends
1000268,Community health workers
1000268,Community leaders
1000268,Religious leaders
1000268,Any person from the community
1000203,Radio
1000203,TV
1000203,WhatsApp
1000203,Social Media (not WhatsApp)
1000203,Health unit/Health care worker
1000203,Friends
1000114,Radio
1000114,TV
1000114,WhatsApp
1000114,Social Media (not WhatsApp)
1000114,Health unit/Health care worker
1000114,Family members
1000114,Friends
1000114,Community health workers
1000114,Any person from the community
1000219,Radio
1000219,TV
1000219,WhatsApp
1000219,Social Media (not WhatsApp)
1000219,Health unit/Health care worker
1000219,Family members
1000219,Friends
1000219,Community health workers
1000302,Radio
1000302,TV
1000302,WhatsApp
1000302,Social Media (not WhatsApp)
1000302,Family members
1000302,Friends
1000302,Community health workers
1000302,Community leaders
1000302,Religious leaders
1000302,Any person from the community
1000260,Radio
1000260,TV
1000260,WhatsApp
1000260,Social Media (not WhatsApp)
1000260,Health unit/Health care worker
1000239,Radio
1000239,TV
1000239,WhatsApp
1000239,Social Media (not WhatsApp)
1000239,Health unit/Health care worker
1000239,Family members
1000239,Friends
1000239,Community health workers
1000239,Red Cross Red Crescent volunteers
1000239,Other community mobilisers
1000239,Community leaders
1000239,Religious leaders
1000239,Traditional healers
1000239,Traditional midwives
1000194,TV
1000194,WhatsApp
1000194,Social Media (not WhatsApp)
1000194,Religious leaders
1000198,Radio
1000198,TV
1000198,WhatsApp
1000198,Social Media (not WhatsApp)
1000198,Family members
1000198,Friends
1000198,Religious leaders
1000198,Any person from the community
1000162,Radio
1000162,TV
1000162,WhatsApp
1000162,Social Media (not WhatsApp)
1000162,Family members
1000162,Friends
1000162,Religious leaders
1000136,Radio
1000136,TV
1000136,WhatsApp
1000136,Social Media (not WhatsApp)
1000181,Radio
1000181,TV
1000181,WhatsApp
1000181,Social Media (not WhatsApp)
1000181,Health unit/Health care worker
1000181,Family members
1000181,Friends
1000181,Religious leaders
1000181,Any person from the community
1000210,Radio
1000210,TV
1000210,WhatsApp
1000210,Social Media (not WhatsApp)
1000210,Health unit/Health care worker
1000210,Family members
1000210,Friends
1000210,Community health workers
1000210,Other community mobilisers
1000210,Community leaders
1000210,Religious leaders
1000210,Traditional midwives
1000210,Any person from the community
1000139,Radio
1000139,TV
1000139,WhatsApp
1000139,Social Media (not WhatsApp)
1000139,Health unit/Health care worker
1000139,Family members
1000139,Community health workers
1000139,Community leaders
1000133,Radio
1000133,TV
1000133,WhatsApp
1000133,Social Media (not WhatsApp)
1000133,Family members
1000133,Friends
1000243,Radio
1000243,TV
1000243,WhatsApp
1000243,Social Media (not WhatsApp)
1000243,Health unit/Health care worker
1000243,Family members
1000243,Friends
1000243,Community health workers
1000243,Community leaders
1000243,Religious leaders
1000169,TV
1000169,WhatsApp
1000169,Social Media (not WhatsApp)
1000169,Health unit/Health care worker
1000169,Family members
1000169,Religious leaders
1000182,Radio
1000182,TV
1000182,WhatsApp
1000182,Social Media (not WhatsApp)
1000182,Health unit/Health care worker
1000182,Family members
1000182,Friends
1000170,Radio
1000170,TV
1000170,WhatsApp
1000170,Social Media (not WhatsApp)
1000170,Family members
1000170,Friends
1000170,Community leaders
1000170,Religious leaders
1000170,Any person from the community
1000101,Radio
1000101,TV
1000101,WhatsApp
1000101,Social Media (not WhatsApp)
1000101,Health unit/Health care worker
1000101,Family members
1000101,Friends
1000101,Community health workers
1000101,Religious leaders
1000267,Radio
1000267,TV
1000267,WhatsApp
1000267,Friends
1000267,Religious leaders
1000267,Any person from the community
1000134,Radio
1000134,TV
1000134,WhatsApp
1000134,Social Media (not WhatsApp)
1000134,Family members
1000134,Friends
1000134,Community health workers
1000134,Red Cross Red Crescent volunteers
1000134,Other community mobilisers
1000134,Community leaders
1000134,Religious leaders
1000134,Traditional healers
1000134,Traditional midwives
1000134,Any person from the community
1000221,Radio
1000221,TV
1000221,Social Media (not WhatsApp)
1000221,Health unit/Health care worker
1000221,Community leaders
1000148,Radio
1000148,TV
1000148,WhatsApp
1000148,Social Media (not WhatsApp)
1000148,Community leaders
1000148,Religious leaders
1000252,Radio
1000252,TV
1000252,WhatsApp
1000252,Social Media (not WhatsApp)
1000252,Health unit/Health care worker
1000252,Community health workers
1000274,WhatsApp
1000274,Social Media (not WhatsApp)
1000274,Health unit/Health care worker
1000274,Family members
1000274,Friends
1000144,Radio
1000144,TV
1000144,WhatsApp
1000144,Social Media (not WhatsApp)
1000144,Family members
1000144,Friends
1000144,Any person from the community
1000220,Radio
1000220,TV
1000220,WhatsApp
1000220,Social Media (not WhatsApp)
1000220,Health unit/Health care worker
1000220,Family members
1000220,Friends
1000220,Religious leaders
1000192,Radio
1000192,TV
1000192,WhatsApp
1000192,Social Media (not WhatsApp)
1000192,Health unit/Health care worker
1000192,Family members
1000192,Friends
1000192,Other community mobilisers
1000192,Community leaders
1000192,Religious leaders
1000192,Any person from the community
1000253,Radio
1000253,TV
1000253,WhatsApp
1000253,Social Media (not WhatsApp)
1000253,Health unit/Health care worker
1000253,Family members
1000253,Friends
1000253,Community health workers
1000253,Community leaders
1000253,Any person from the community
1000215,Radio
1000215,TV
1000215,WhatsApp
1000215,Social Media (not WhatsApp)
1000215,Family members
1000157,Radio
1000157,TV
1000157,WhatsApp
1000157,Social Media (not WhatsApp)
1000157,Religious leaders
1000157,Any person from the community
1000113,TV
1000113,WhatsApp
1000113,Social Media (not WhatsApp)
1000140,Radio
1000140,TV
1000140,WhatsApp
1000140,Social Media (not WhatsApp)
1000140,Family members
1000140,Friends
1000140,Religious leaders
1000211,Radio
1000211,TV
1000211,WhatsApp
1000211,Social Media (not WhatsApp)
1000211,Health unit/Health care worker
1000211,Family members
1000211,Friends
1000211,Community health workers
1000211,Other community mobilisers
1000211,Religious leaders
1000197,Radio
1000197,TV
1000197,WhatsApp
1000197,Social Media (not WhatsApp)
1000197,Health unit/Health care worker
1000197,Family members
1000197,Friends
1000197,Community health workers
1000197,Community leaders
1000197,Religious leaders
1000197,Any person from the community
1000313,Radio
1000313,TV
1000313,WhatsApp
1000313,Social Media (not WhatsApp)
1000313,Health unit/Health care worker
1000313,Family members
1000313,Friends
1000313,Community health workers
1000313,Red Cross Red Crescent volunteers
1000313,Other community mobilisers
1000313,Community leaders
1000313,Religious leaders
1000313,Traditional healers
1000313,Traditional midwives
1000313,Any person from the community
1000266,Radio
1000266,TV
1000266,WhatsApp
1000266,Social Media (not WhatsApp)
1000266,Health unit/Health care worker
1000266,Family members
1000266,Friends
1000266,Community health workers
1000266,Community leaders
1000266,Religious leaders
1000266,Any person from the community
1000108,TV
1000108,CNN
1000164,Radio
1000164,TV
1000164,WhatsApp
1000164,Social Media (not WhatsApp)
1000164,Health unit/Health care worker
1000164,Family members
1000164,Friends
1000164,Community health workers
1000164,Community leaders
1000164,Religious leaders
1000164,Any person from the community
1000110,Radio
1000110,TV
1000110,WhatsApp
1000110,Social Media (not WhatsApp)
1000110,Health unit/Health care worker
1000110,Family members
1000110,Friends
1000103,Radio
1000103,TV
1000103,WhatsApp
1000103,Social Media (not WhatsApp)
1000103,Friends
1000103,Religious leaders
1000103,Any person from the community
1000256,Radio
1000256,TV
1000256,WhatsApp
1000256,Family members
1000256,Friends
1000256,Community leaders
1000256,Any person from the community
1000264,Radio
1000264,TV
1000264,WhatsApp
1000264,Social Media (not WhatsApp)
1000264,Health unit/Health care worker
1000264,Family members
1000264,Friends
1000264,Community health workers
1000264,Community leaders
1000264,Religious leaders
1000193,Radio
1000193,TV
1000193,WhatsApp
1000193,Social Media (not WhatsApp)
1000193,Health unit/Health care worker
1000193,Family members
1000193,Friends
1000193,Community health workers
1000193,Red Cross Red Crescent volunteers
1000193,Other community mobilisers
1000193,Community leaders
1000193,Religious leaders
1000193,Traditional healers
1000193,Traditional midwives
1000193,Any person from the community
1000244,TV
1000244,WhatsApp
1000244,Social Media (not WhatsApp)
1000244,Health unit/Health care worker
1000244,Family members
1000244,Friends
1000244,Religious leaders
1000283,Radio
1000283,TV
1000283,WhatsApp
1000283,Social Media (not WhatsApp)
1000283,Health unit/Health care worker
1000283,Family members
1000283,Friends
1000283,Community health workers
1000283,Community leaders
1000283,Religious leaders
1000283,Any person from the community
1000159,Radio
1000159,TV
1000159,WhatsApp
1000159,Social Media (not WhatsApp)
1000262,Radio
1000262,TV
1000262,WhatsApp
1000262,Social Media (not WhatsApp)
1000262,Health unit/Health care worker
1000262,Family members
1000262,Friends
1000262,Community health workers
1000262,Other community mobilisers
1000262,Community leaders
1000262,Religious leaders
1000262,Any person from the community
1000126,Radio
1000126,TV
1000126,WhatsApp
1000126,Social Media (not WhatsApp)
1000126,Health unit/Health care worker
1000126,Family members
1000254,Radio
1000254,TV
1000254,WhatsApp
1000254,Social Media (not WhatsApp)
1000254,Health unit/Health care worker
1000254,Family members
1000254,Friends
1000254,Community health workers
1000254,Religious leaders
1000254,Any person from the community
1000152,Radio
1000152,TV
1000152,Social Media (not WhatsApp)
1000152,Health unit/Health care worker
1000152,Family members
1000152,Friends
1000152,Community health workers
1000152,Religious leaders
1000238,Radio
1000238,TV
1000238,WhatsApp
1000238,Social Media (not WhatsApp)
1000238,Health unit/Health care worker
1000238,Family members
1000238,Friends
1000238,Community health workers
1000238,Any person from the community
1000277,Radio
1000277,TV
1000277,WhatsApp
1000277,Social Media (not WhatsApp)
1000277,Family members
1000277,Friends
1000277,Religious leaders
1000277,Any person from the community
1000106,Radio
1000106,TV
1000106,WhatsApp
1000106,Social Media (not WhatsApp)
1000106,Health unit/Health care worker
1000106,Family members
1000106,Friends
1000106,Community health workers
1000106,Red Cross Red Crescent volunteers
1000106,Other community mobilisers
1000106,Community leaders
1000106,Religious leaders
1000106,Any person from the community
1000106,Business Associates
1000130,Radio
1000130,TV
1000130,WhatsApp
1000130,Friends
1000130,Religious leaders
1000224,Radio
1000224,TV
1000224,WhatsApp
1000224,Social Media (not WhatsApp)
1000224,Family members
1000224,Community health workers
1000224,Community leaders
1000143,Radio
1000143,TV
1000143,WhatsApp
1000143,Social Media (not WhatsApp)
1000161,Radio
1000161,TV
1000161,WhatsApp
1000161,Social Media (not WhatsApp)
1000161,Health unit/Health care worker
1000161,Family members
1000161,Friends
1000161,Religious leaders
1000161,Any person from the community
1000137,Radio
1000137,TV
1000137,WhatsApp
1000137,Social Media (not WhatsApp)
1000137,Health unit/Health care worker
1000137,Family members
1000137,Friends
1000137,Community health workers
1000137,Religious leaders
1000137,Any person from the community
1000201,Radio
1000201,TV
1000201,WhatsApp
1000201,Social Media (not WhatsApp)
1000201,Health unit/Health care worker
1000201,Family members
1000201,Friends
1000201,Community health workers
1000201,Community leaders
1000201,Religious leaders
1000300,Radio
1000300,TV
1000300,WhatsApp
1000300,Social Media (not WhatsApp)
1000300,Health unit/Health care worker
1000300,Family members
1000300,Friends
1000300,Community health workers
1000300,Community leaders
1000300,Any person from the community
1000317,Radio
1000317,TV
1000317,WhatsApp
1000317,Health unit/Health care worker
1000317,Family members
1000317,Friends
1000317,Religious leaders
1000317,Any person from the community
1000314,Radio
1000314,TV
1000314,WhatsApp
1000314,Social Media (not WhatsApp)
1000314,Health unit/Health care worker
1000314,Family members
1000314,Friends
1000314,Community leaders
1000235,Radio
1000235,TV
1000235,WhatsApp
1000235,Social Media (not WhatsApp)
1000235,Health unit/Health care worker
1000235,Friends
1000235,Religious leaders
1000235,Any person from the community
1000320,Radio
1000320,TV
1000320,WhatsApp
1000320,Social Media (not WhatsApp)
1000320,Health unit/Health care worker
1000320,Family members
1000320,Friends
1000320,Community health workers
1000320,Community leaders
1000320,Religious leaders
1000320,Any person from the community
1000304,Radio
1000304,TV
1000304,WhatsApp
1000304,Social Media (not WhatsApp)
1000304,Health unit/Health care worker
1000304,Family members
1000304,Friends
1000304,Community health workers
1000304,Community leaders
1000304,Traditional midwives
1000195,Radio
1000195,TV
1000195,WhatsApp
1000195,Health unit/Health care worker
1000195,Friends
1000195,Community leaders
1000195,Religious leaders
1000292,Radio
1000292,TV
1000292,WhatsApp
1000292,Social Media (not WhatsApp)
1000292,Family members
1000292,Friends
1000292,Community health workers
1000292,Community leaders
1000292,Religious leaders
1000292,Any person from the community
1000163,Radio
1000163,TV
1000163,WhatsApp
1000163,Social Media (not WhatsApp)
1000163,Family members
1000163,Friends
1000163,Religious leaders
1000307,Radio
1000307,TV
1000307,Health unit/Health care worker
1000307,Community health workers
1000307,Religious leaders
1000153,Radio
1000153,TV
1000153,WhatsApp
1000153,Social Media (not WhatsApp)
1000153,Health unit/Health care worker
1000153,Family members
1000153,Friends
1000132,Radio
1000132,TV
1000132,WhatsApp
1000132,Social Media (not WhatsApp)
1000132,Health unit/Health care worker
1000132,Family members
1000132,Friends
1000132,Community health workers
1000168,TV
1000168,WhatsApp
1000168,Social Media (not WhatsApp)
1000168,Health unit/Health care worker
1000168,Family members
1000168,Friends
1000306,Radio
1000306,TV
1000306,WhatsApp
1000306,Social Media (not WhatsApp)
1000306,Health unit/Health care worker
1000306,Family members
1000306,Friends
1000306,Community health workers
1000306,Community leaders
1000306,Religious leaders
1000180,Radio
1000180,TV
1000180,WhatsApp
1000180,Social Media (not WhatsApp)
1000180,Health unit/Health care worker
1000180,Family members
1000180,Friends
1000180,Community health workers
1000180,Religious leaders
1000180,Any person from the community
1000151,Social Media (not WhatsApp)
1000165,Radio
1000165,TV
1000165,WhatsApp
1000165,Social Media (not WhatsApp)
1000165,Family members
1000165,Friends
1000165,Community leaders
1000165,Religious leaders
1000165,Any person from the community
1000154,Radio
1000154,TV
1000154,Social Media (not WhatsApp)
1000154,Health unit/Health care worker
1000154,Family members
1000154,Friends
1000154,Community health workers
1000154,Community leaders
1000154,Religious leaders
1000154,Any person from the community
1000231,Radio
1000231,TV
1000231,WhatsApp
1000231,Social Media (not WhatsApp)
1000231,Health unit/Health care worker
1000231,Family members
1000231,Friends
1000231,Community health workers
1000231,Red Cross Red Crescent volunteers
1000231,Community leaders
1000231,Religious leaders
1000231,Any person from the community
1000269,Radio
1000269,TV
1000269,WhatsApp
1000269,Family members
1000269,Friends
1000175,Radio
1000175,TV
1000175,WhatsApp
1000175,Social Media (not WhatsApp)
1000175,Health unit/Health care worker
1000175,Family members
1000175,Friends
1000175,Religious leaders
1000175,Any person from the community
1000188,Radio
1000188,TV
1000188,Social Media (not WhatsApp)
1000188,Health unit/Health care worker
1000188,Family members
1000188,Friends
1000188,Community leaders
1000188,Religious leaders
1000188,Any person from the community
1000123,TV
1000123,WhatsApp
1000123,Social Media (not WhatsApp)
1000123,Family members
1000123,Friends
1000123,Religious leaders
1000109,TV
1000109,CNN
1000270,Radio
1000270,TV
1000270,WhatsApp
1000270,Social Media (not WhatsApp)
1000270,Religious leaders
1000229,Radio
1000229,TV
1000229,Family members
1000229,Friends
1000229,Community health workers
1000150,Radio
1000150,TV
1000150,WhatsApp
1000319,Radio
1000319,TV
1000319,WhatsApp
1000319,Health unit/Health care worker
1000319,Family members
1000319,Friends
1000319,Community health workers
1000319,Red Cross Red Crescent volunteers
1000319,Other community mobilisers
1000319,Community leaders
1000319,Religious leaders
1000319,Any person from the community
1000124,Radio
1000124,TV
1000124,WhatsApp
1000124,Social Media (not WhatsApp)
1000124,Health unit/Health care worker
1000124,Family members
1000124,Friends
1000124,Community health workers
1000124,Community leaders
1000124,Religious leaders
1000124,Any person from the community
1000160,Radio
1000160,TV
1000160,Social Media (not WhatsApp)
1000160,Family members
1000160,Friends
1000184,Radio
1000184,TV
1000184,Social Media (not WhatsApp)
1000184,Family members
1000184,Friends
1000184,Community health workers
1000184,Other community mobilisers
1000184,Community leaders
1000184,Any person from the community
1000172,Radio
1000172,TV
1000172,WhatsApp
1000172,Social Media (not WhatsApp)
1000172,Health unit/Health care worker
1000172,Family members
1000172,Friends
1000172,Community health workers
1000172,Religious leaders
1000172,Any person from the community
1000240,Radio
1000240,TV
1000240,WhatsApp
1000240,Social Media (not WhatsApp)
1000240,Health unit/Health care worker
1000240,Family members
1000240,Friends
1000240,Community health workers
1000240,Red Cross Red Crescent volunteers
1000240,Other community mobilisers
1000240,Community leaders
1000240,Religious leaders
1000240,Traditional healers
1000240,Traditional midwives
1000240,Any person from the community
1000112,Radio
1000112,TV
1000112,WhatsApp
1000112,Social Media (not WhatsApp)
1000263,Radio
1000263,TV
1000263,WhatsApp
1000263,Social Media (not WhatsApp)
1000263,Health unit/Health care worker
1000263,Family members
1000263,Friends
1000263,Community health workers
1000263,Community leaders
1000322,Radio
1000322,TV
1000322,Social Media (not WhatsApp)
1000138,Radio
1000138,TV
1000138,WhatsApp
1000138,Social Media (not WhatsApp)
1000138,Health unit/Health care worker
1000138,Family members
1000138,Friends
1000138,Community health workers
1000138,Other community mobilisers
1000138,Community leaders
1000138,Religious leaders
1000138,Traditional healers
1000138,Traditional midwives
1000138,Any person from the community
1000310,Radio
1000310,TV
1000310,Health unit/Health care worker
1000257,Radio
1000257,TV
1000257,WhatsApp
1000257,Social Media (not WhatsApp)
1000257,Health unit/Health care worker
1000257,Family members
1000257,Friends
1000257,Religious leaders
1000287,Radio
1000287,TV
1000287,WhatsApp
1000287,Health unit/Health care worker
1000287,Family members
1000287,Friends
1000287,Community health workers
1000287,Other community mobilisers
1000287,Community leaders
1000287,Religious leaders
1000287,Traditional midwives
1000287,Any person from the community
1000213,Radio
1000213,TV
1000213,WhatsApp
1000213,Health unit/Health care worker
1000213,Family members
1000213,Friends
1000213,Community health workers
1000213,Community leaders
1000213,Religious leaders
1000218,Radio
1000218,TV
1000218,WhatsApp
1000218,Social Media (not WhatsApp)
1000218,Health unit/Health care worker
1000218,Family members
1000218,Friends
1000218,Community health workers
1000218,Community leaders
1000218,Religious leaders
1000305,Radio
1000305,TV
1000305,Social Media (not WhatsApp)
1000305,Health unit/Health care worker
1000118,Radio
1000118,TV
1000118,WhatsApp
1000118,Social Media (not WhatsApp)
1000118,Health unit/Health care worker
1000118,Family members
1000118,Friends
1000118,Community health workers
1000118,Community leaders
1000118,Religious leaders
1000200,Radio
1000200,TV
1000200,WhatsApp
1000200,Social Media (not WhatsApp)
1000200,Religious leaders
1000248,Radio
1000248,TV
1000248,Health unit/Health care worker
1000248,Family members
1000248,Friends
1000248,Community health workers
1000248,Community leaders
1000248,Religious leaders
1000248,Any person from the community
1000280,TV
1000280,Social Media (not WhatsApp)
1000280,Family members
1000280,Friends
1000234,Radio
1000234,TV
1000234,WhatsApp
1000234,Social Media (not WhatsApp)
1000234,Family members
1000234,Friends
1000234,Other community mobilisers
1000234,Religious leaders
1000234,Any person from the community
1000282,Radio
1000282,TV
1000282,WhatsApp
1000282,Social Media (not WhatsApp)
1000282,Family members
1000282,Friends
1000282,Any person from the community
1000228,Radio
1000228,TV
1000228,WhatsApp
1000228,Social Media (not WhatsApp)
1000242,Radio
1000242,TV
1000242,WhatsApp
1000242,Social Media (not WhatsApp)
1000242,Health unit/Health care worker
1000242,Friends
1000312,Radio
1000312,TV
1000312,WhatsApp
1000312,Social Media (not WhatsApp)
1000312,Health unit/Health care worker
1000312,Family members
1000312,Friends
1000281,Radio
1000281,TV
1000281,Family members
1000281,Friends
1000281,Community health workers
1000281,Community leaders
1000281,Religious leaders
1000281,Traditional healers
1000281,Any person from the community
1000120,TV
1000230,Radio
1000230,TV
1000230,WhatsApp
1000230,Social Media (not WhatsApp)
1000230,Health unit/Health care worker
1000230,Family members
1000230,Friends
1000230,Religious leaders
1000209,Radio
1000209,TV
1000209,Social Media (not WhatsApp)
1000209,Friends
1000276,Radio
1000276,TV
1000276,Social Media (not WhatsApp)
1000232,Radio
1000232,TV
1000232,WhatsApp
1000232,Health unit/Health care worker
1000232,Family members
1000232,Friends
1000232,Community health workers
1000232,Community leaders
1000232,Religious leaders
1000245,Radio
1000245,TV
1000125,Radio
1000125,TV
1000125,WhatsApp
1000125,Social Media (not WhatsApp)
1000125,Family members
1000125,Friends
1000286,Radio
1000286,TV
1000286,WhatsApp
1000286,Social Media (not WhatsApp)
1000286,Health unit/Health care worker
1000286,Family members
1000286,Friends
1000286,Community health workers
1000286,Community leaders
1000286,Religious leaders
1000286,Any person from the community
1000255,Radio
1000255,TV
1000255,WhatsApp
1000255,Social Media (not WhatsApp)
1000255,Health unit/Health care worker
1000255,Family members
1000255,Friends
1000255,Religious leaders
1000272,Radio
1000272,TV
1000272,Social Media (not WhatsApp)
1000272,Friends
1000272,Religious leaders
1000249,Radio
1000249,TV
1000249,WhatsApp
1000249,Health unit/Health care worker
1000249,Any person from the community
1000258,Radio
1000258,TV
1000258,WhatsApp
1000258,Social Media (not WhatsApp)
1000258,Health unit/Health care worker
1000258,Community health workers
1000258,Community leaders
1000294,Radio
1000294,TV
1000294,WhatsApp
1000294,Social Media (not WhatsApp)
1000294,Health unit/Health care worker
1000294,Family members
1000294,Friends
1000294,Community health workers
1000216,Radio
1000216,TV
1000216,WhatsApp
1000216,Social Media (not WhatsApp)
1000216,Health unit/Health care worker
1000216,Family members
1000216,Friends
1000216,Religious leaders
1000216,Any person from the community
1000156,Radio
1000156,TV
1000156,WhatsApp
1000156,Social Media (not WhatsApp)
1000156,Health unit/Health care worker
1000156,Family members
1000156,Friends
1000156,Community health workers
1000102,Radio
1000102,TV
1000102,WhatsApp
1000102,Family members
1000102,Friends
1000102,Religious leaders
1000166,Radio
1000166,TV
1000166,WhatsApp
1000166,Social Media (not WhatsApp)
1000166,Health unit/Health care worker
1000166,Family members
1000166,Friends
1000166,Religious leaders
1000207,Radio
1000207,TV
1000207,WhatsApp
1000207,Social Media (not WhatsApp)
1000207,Family members
1000207,Friends
1000207,Community health workers
1000207,Community leaders
1000309,Radio
1000309,TV
1000309,WhatsApp
1000309,Social Media (not WhatsApp)
1000309,Health unit/Health care worker
1000309,Family members
1000309,Friends
1000309,Community health workers
1000309,Other community mobilisers
1000309,Community leaders
1000309,Religious leaders
1000309,Any person from the community
1000202,Radio
1000202,TV
1000202,WhatsApp
1000202,Health unit/Health care worker
1000202,Family members
1000202,Friends
1000202,Community health workers
1000202,Community leaders
1000202,Religious leaders
1000202,Traditional healers
1000202,Any person from the community
1000100,Radio
1000100,TV
1000100,WhatsApp
1000100,Social Media (not WhatsApp)
1000100,Health unit/Health care worker
1000100,Family members
1000100,Friends
1000100,Religious leaders
1000299,Radio
1000299,TV
1000299,Health unit/Health care worker
1000299,Community health workers
1000241,Radio
1000241,TV
1000241,Family members
1000303,Radio
1000303,TV
1000303,WhatsApp
1000303,Social Media (not WhatsApp)
1000303,Family members
1000303,Friends
1000303,Community health workers
1000303,Community leaders
1000303,Religious leaders
1000303,Any person from the community
1000288,Radio
1000288,TV
1000288,Social Media (not WhatsApp)
1000291,Radio
1000291,TV
1000291,WhatsApp
1000291,Social Media (not WhatsApp)
1000291,Health unit/Health care worker
1000291,Family members
1000291,Friends
1000291,Community health workers
1000183,Radio
1000183,TV
1000183,Social Media (not WhatsApp)
1000183,Family members
1000183,Friends
1000183,Community health workers
1000183,Other community mobilisers
1000183,Community leaders
1000183,Any person from the community
1000316,Radio
1000316,TV
1000316,WhatsApp
1000316,Social Media (not WhatsApp)
1000316,Health unit/Health care worker
1000316,Family members
1000316,Friends
1000316,Community health workers
1000316,Community leaders
1000316,Religious leaders
1000316,Any person from the community
1000223,Radio
1000223,TV
1000223,Social Media (not WhatsApp)
1000173,Radio
1000173,TV
1000173,WhatsApp
1000173,Social Media (not WhatsApp)
1000173,Health unit/Health care worker
1000173,Family members
1000173,Friends
1000173,Community health workers
1000173,Other community mobilisers
1000173,Religious leaders
1000173,Any person from the community
1000293,Radio
1000293,TV
1000293,WhatsApp
1000293,Social Media (not WhatsApp)
1000293,Health unit/Health care worker
1000293,Family members
1000293,Friends
1000293,Community health workers
1000293,Religious leaders
1000293,Any person from the community
1000284,TV
1000284,Social Media (not WhatsApp)
1000284,Community health workers
1000186,Radio
1000186,TV
1000186,WhatsApp
1000186,Social Media (not WhatsApp)
1000186,Health unit/Health care worker
1000186,Family members
1000186,Friends
1000186,Community leaders
1000186,Religious leaders
1000186,Any person from the community
1000129,Radio
1000129,TV
1000129,WhatsApp
1000129,Social Media (not WhatsApp)
1000191,Radio
1000191,TV
1000191,WhatsApp
1000191,Health unit/Health care worker
1000251,Radio
1000251,TV
1000251,WhatsApp
1000251,Social Media (not WhatsApp)
1000251,Family members
1000251,Friends
1000251,Community leaders
1000251,Any person from the community
1000179,Radio
1000179,TV
1000179,WhatsApp
1000179,Social Media (not WhatsApp)
1000179,Health unit/Health care worker
1000179,Family members
1000179,Friends
1000179,Community health workers
1000179,Religious leaders
1000178,Radio
1000178,TV
1000178,WhatsApp
1000178,Social Media (not WhatsApp)
1000178,Health unit/Health care worker
1000107,Radio
1000107,TV
1000107,WhatsApp
1000107,Social Media (not WhatsApp)
1000107,Friends
1000107,Religious leaders
1000321,Radio
1000321,TV
1000321,WhatsApp
1000321,Social Media (not WhatsApp)
1000321,Health unit/Health care worker
1000321,Community health workers
1000115,Radio
1000115,TV
1000115,WhatsApp
1000115,Social Media (not WhatsApp)
1000115,Family members
1000115,Friends
1000115,Religious leaders
1000259,Radio
1000259,TV
1000259,WhatsApp
1000259,Social Media (not WhatsApp)
1000259,Health unit/Health care worker
1000259,Community health workers
1000259,Community leaders
1000105,Social Media (not WhatsApp)
1000279,Radio
1000279,TV
1000279,WhatsApp
1000279,Social Media (not WhatsApp)
1000279,Family members
1000279,Friends
1000279,Community health workers
1000279,Community leaders
1000279,Religious leaders
1000279,Any person from the community
1000149,Radio
1000149,TV
1000149,WhatsApp
1000149,Social Media (not WhatsApp)
1000149,Health unit/Health care worker
1000149,Family members
1000149,Friends
1000149,Community health workers
1000208,Radio
1000208,TV
1000208,WhatsApp
1000208,Social Media (not WhatsApp)
1000208,Health unit/Health care worker
1000208,Family members
1000208,Friends
1000208,Community leaders
1000208,Religious leaders
1000208,Traditional healers
1000142,Radio
1000142,TV
1000142,WhatsApp
1000142,Social Media (not WhatsApp)
1000142,Family members
1000142,Friends
1000142,Community leaders
1000142,Religious leaders
1000142,Any person from the community
1000222,Radio
1000222,TV
1000222,WhatsApp
1000222,Social Media (not WhatsApp)
1000222,Health unit/Health care worker
1000222,Family members
1000222,Friends
1000222,Community leaders
1000222,Religious leaders
1000222,Any person from the community
1000308,Radio
1000308,TV
1000308,WhatsApp
1000146,Radio
1000146,TV
1000146,WhatsApp
1000146,Family members
1000146,Community leaders
1000146,Religious leaders
1000298,Radio
1000298,TV
1000298,Social Media (not WhatsApp)
1000298,Family members
1000298,Friends
1000298,Other community mobilisers
1000236,Radio
1000236,TV
1000236,WhatsApp
1000236,Family members
1000236,Friends
1000297,Radio
1000297,TV
1000297,WhatsApp
1000297,Social Media (not WhatsApp)
1000297,Health unit/Health care worker
1000297,Family members
1000297,Friends
1000296,Radio
1000296,TV
1000296,WhatsApp
1000296,Social Media (not WhatsApp)
1000296,Health unit/Health care worker
1000250,Radio
1000250,TV
1000250,WhatsApp
1000250,Social Media (not WhatsApp)
1000250,Health unit/Health care worker
1000250,Family members
1000250,Friends
1000250,Community leaders
1000250,Religious leaders
1000145,Radio
1000145,TV
1000145,WhatsApp
1000145,Social Media (not WhatsApp)
1000145,Health unit/Health care worker
1000145,Family members
1000145,Friends
1000145,Community health workers
1000145,Community leaders
1000145,Religious leaders
1000145,Any person from the community
1000273,Radio
1000273,TV
1000273,Social Media (not WhatsApp)
1000273,Family members
1000273,Friends
1000273,Community health workers
1000273,Religious leaders
1000127,Radio
1000127,TV
1000127,Family members
1000127,Friends
1000247,Radio
1000247,TV
1000247,WhatsApp
1000247,Social Media (not WhatsApp)
1000247,Family members
1000247,Friends
1000247,Religious leaders
1000227,Radio
1000227,TV
1000227,WhatsApp
1000227,Social Media (not WhatsApp)
1000227,Health unit/Health care worker
1000227,Family members
1000227,Friends
1000227,Religious leaders
1000227,Any person from the community
1000265,Radio
1000265,TV
1000265,WhatsApp
1000265,Social Media (not WhatsApp)
1000265,Family members
1000265,Friends
1000265,Community leaders
1000265,Religious leaders
1000265,Any person from the community
1000311,Radio
1000311,TV
1000311,Social Media (not WhatsApp)
1000311,Health unit/Health care worker
