id,Prevention_Steps
1000205,Washing hands regularly using alcohol-based cleaner or soap / water
1000205,Covering mouth and nose when coughing or sneezing
1000205,Avoid close contact with anyone who has a fever and cough
1000205,Eliminate standing water
1000205,Cook meat and eggs well
1000205,Avoid unprotected direct contact with live animals and surfaces in contact with animals
1000205,Don't know
1000176,Washing hands regularly using alcohol-based cleaner or soap / water
1000176,Covering mouth and nose when coughing or sneezing
1000176,Avoid close contact with anyone who has a fever and cough
1000301,Washing hands regularly using alcohol-based cleaner or soap / water
1000301,Covering mouth and nose when coughing or sneezing
1000301,Avoid close contact with anyone who has a fever and cough
1000301,Staying in doors going out only when its neccessary
1000315,Washing hands regularly using alcohol-based cleaner or soap / water
1000315,Covering mouth and nose when coughing or sneezing
1000315,Avoid close contact with anyone who has a fever and cough
1000187,Washing hands regularly using alcohol-based cleaner or soap / water
1000187,Covering mouth and nose when coughing or sneezing
1000187,Avoid close contact with anyone who has a fever and cough
1000171,Washing hands regularly using alcohol-based cleaner or soap / water
1000171,Covering mouth and nose when coughing or sneezing
1000171,Avoid close contact with anyone who has a fever and cough
1000212,Washing hands regularly using alcohol-based cleaner or soap / water
1000212,Covering mouth and nose when coughing or sneezing
1000212,Avoid close contact with anyone who has a fever and cough
1000212,Avoid unprotected direct contact with live animals and surfaces in contact with animals
1000217,Washing hands regularly using alcohol-based cleaner or soap / water
1000217,Covering mouth and nose when coughing or sneezing
1000217,Avoid close contact with anyone who has a fever and cough
1000217,Cook meat and eggs well
1000217,Avoid unprotected direct contact with live animals and surfaces in contact with animals
1000237,Washing hands regularly using alcohol-based cleaner or soap / water
1000237,Covering mouth and nose when coughing or sneezing
1000237,Avoid close contact with anyone who has a fever and cough
1000237,Cook meat and eggs well
1000121,Washing hands regularly using alcohol-based cleaner or soap / water
1000121,Covering mouth and nose when coughing or sneezing
1000121,Avoid close contact with anyone who has a fever and cough
1000121,Cook meat and eggs well
1000121,Avoid unprotected direct contact with live animals and surfaces in contact with animals
1000285,Washing hands regularly using alcohol-based cleaner or soap / water
1000285,Covering mouth and nose when coughing or sneezing
1000285,Avoid close contact with anyone who has a fever and cough
1000233,Washing hands regularly using alcohol-based cleaner or soap / water
1000233,Covering mouth and nose when coughing or sneezing
1000233,Avoid close contact with anyone who has a fever and cough
1000261,Washing hands regularly using alcohol-based cleaner or soap / water
1000261,Covering mouth and nose when coughing or sneezing
1000261,Avoid close contact with anyone who has a fever and cough
1000104,Washing hands regularly using alcohol-based cleaner or soap / water
1000104,Covering mouth and nose when coughing or sneezing
1000104,Avoid close contact with anyone who has a fever and cough
1000104,Avoid unprotected direct contact with live animals and surfaces in contact with animals
1000147,Washing hands regularly using alcohol-based cleaner or soap / water
1000147,Covering mouth and nose when coughing or sneezing
1000147,Avoid close contact with anyone who has a fever and cough
1000147,Cook meat and eggs well
1000147,Avoid unprotected direct contact with live animals and surfaces in contact with animals
1000147,"Using sanitizers, avoid social gathering, using nose mask and staying at home."
1000174,Washing hands regularly using alcohol-based cleaner or soap / water
1000174,Covering mouth and nose when coughing or sneezing
1000174,Avoid close contact with anyone who has a fever and cough
1000225,Washing hands regularly using alcohol-based cleaner or soap / water
1000225,Covering mouth and nose when coughing or sneezing
1000275,Washing hands regularly using alcohol-based cleaner or soap / water
1000275,Covering mouth and nose when coughing or sneezing
1000275,Avoid close contact with anyone who has a fever and cough
1000119,Washing hands regularly using alcohol-based cleaner or soap / water
1000119,Covering mouth and nose when coughing or sneezing
1000119,Avoid close contact with anyone who has a fever and cough
1000128,Washing hands regularly using alcohol-based cleaner or soap / water
1000128,Covering mouth and nose when coughing or sneezing
1000128,Avoid close contact with anyone who has a fever and cough
1000128,Cook meat and eggs well
1000128,Avoid unprotected direct contact with live animals and surfaces in contact with animals
1000141,Washing hands regularly using alcohol-based cleaner or soap / water
1000141,Covering mouth and nose when coughing or sneezing
1000141,Avoid unprotected direct contact with live animals and surfaces in contact with animals
1000185,Washing hands regularly using alcohol-based cleaner or soap / water
1000185,Covering mouth and nose when coughing or sneezing
1000185,Avoid close contact with anyone who has a fever and cough
1000122,Washing hands regularly using alcohol-based cleaner or soap / water
1000122,Covering mouth and nose when coughing or sneezing
1000122,Avoid close contact with anyone who has a fever and cough
1000167,Washing hands regularly using alcohol-based cleaner or soap / water
1000167,Covering mouth and nose when coughing or sneezing
1000167,Avoid close contact with anyone who has a fever and cough
1000167,Avoid unprotected direct contact with live animals and surfaces in contact with animals
1000117,Washing hands regularly using alcohol-based cleaner or soap / water
1000117,Covering mouth and nose when coughing or sneezing
1000117,Avoid close contact with anyone who has a fever and cough
1000111,Washing hands regularly using alcohol-based cleaner or soap / water
1000111,Covering mouth and nose when coughing or sneezing
1000111,Avoid close contact with anyone who has a fever and cough
1000111,Avoid unprotected direct contact with live animals and surfaces in contact with animals
1000290,Washing hands regularly using alcohol-based cleaner or soap / water
1000290,Avoid close contact with anyone who has a fever and cough
1000290,Cook meat and eggs well
1000290,Avoid unprotected direct contact with live animals and surfaces in contact with animals
1000131,Washing hands regularly using alcohol-based cleaner or soap / water
1000131,Covering mouth and nose when coughing or sneezing
1000131,Avoid close contact with anyone who has a fever and cough
1000226,Washing hands regularly using alcohol-based cleaner or soap / water
1000226,Covering mouth and nose when coughing or sneezing
1000226,Avoid close contact with anyone who has a fever and cough
1000226,Avoid unprotected direct contact with live animals and surfaces in contact with animals
1000226,Wiping and cleaning surfaces regularly with disinfectants
1000289,Washing hands regularly using alcohol-based cleaner or soap / water
1000289,Covering mouth and nose when coughing or sneezing
1000204,Washing hands regularly using alcohol-based cleaner or soap / water
1000204,Covering mouth and nose when coughing or sneezing
1000204,Avoid close contact with anyone who has a fever and cough
1000190,Washing hands regularly using alcohol-based cleaner or soap / water
1000190,Covering mouth and nose when coughing or sneezing
1000190,Avoid close contact with anyone who has a fever and cough
1000190,Avoid unprotected direct contact with live animals and surfaces in contact with animals
1000214,Washing hands regularly using alcohol-based cleaner or soap / water
1000199,Washing hands regularly using alcohol-based cleaner or soap / water
1000199,Covering mouth and nose when coughing or sneezing
1000199,Avoid close contact with anyone who has a fever and cough
1000155,Washing hands regularly using alcohol-based cleaner or soap / water
1000155,Covering mouth and nose when coughing or sneezing
1000155,Avoid close contact with anyone who has a fever and cough
1000155,Cook meat and eggs well
1000155,Avoid unprotected direct contact with live animals and surfaces in contact with animals
1000135,Washing hands regularly using alcohol-based cleaner or soap / water
1000135,Covering mouth and nose when coughing or sneezing
1000135,Avoid close contact with anyone who has a fever and cough
1000177,Washing hands regularly using alcohol-based cleaner or soap / water
1000177,Covering mouth and nose when coughing or sneezing
1000177,Avoid close contact with anyone who has a fever and cough
1000177,Avoid unprotected direct contact with live animals and surfaces in contact with animals
1000116,Washing hands regularly using alcohol-based cleaner or soap / water
1000116,Covering mouth and nose when coughing or sneezing
1000116,Avoid close contact with anyone who has a fever and cough
1000116,Cook meat and eggs well
1000116,Avoid unprotected direct contact with live animals and surfaces in contact with animals
1000206,Washing hands regularly using alcohol-based cleaner or soap / water
1000206,Covering mouth and nose when coughing or sneezing
1000206,Avoid close contact with anyone who has a fever and cough
1000206,Avoid unprotected direct contact with live animals and surfaces in contact with animals
1000318,Washing hands regularly using alcohol-based cleaner or soap / water
1000318,Covering mouth and nose when coughing or sneezing
1000318,Avoid close contact with anyone who has a fever and cough
1000318,Avoid unprotected direct contact with live animals and surfaces in contact with animals
1000271,Washing hands regularly using alcohol-based cleaner or soap / water
1000271,Covering mouth and nose when coughing or sneezing
1000271,Avoid close contact with anyone who has a fever and cough
1000295,Washing hands regularly using alcohol-based cleaner or soap / water
1000295,Covering mouth and nose when coughing or sneezing
1000295,Avoid close contact with anyone who has a fever and cough
1000295,Cook meat and eggs well
1000295,Avoid unprotected direct contact with live animals and surfaces in contact with animals
1000158,Washing hands regularly using alcohol-based cleaner or soap / water
1000158,Covering mouth and nose when coughing or sneezing
1000158,Avoid close contact with anyone who has a fever and cough
1000158,Cook meat and eggs well
1000158,Avoid unprotected direct contact with live animals and surfaces in contact with animals
1000246,Washing hands regularly using alcohol-based cleaner or soap / water
1000246,Covering mouth and nose when coughing or sneezing
1000246,Avoid close contact with anyone who has a fever and cough
1000196,Washing hands regularly using alcohol-based cleaner or soap / water
1000196,Covering mouth and nose when coughing or sneezing
1000196,Avoid close contact with anyone who has a fever and cough
1000196,Cook meat and eggs well
1000189,Washing hands regularly using alcohol-based cleaner or soap / water
1000189,Covering mouth and nose when coughing or sneezing
1000189,Avoid close contact with anyone who has a fever and cough
1000268,Washing hands regularly using alcohol-based cleaner or soap / water
1000268,Covering mouth and nose when coughing or sneezing
1000268,Avoid close contact with anyone who has a fever and cough
1000203,Washing hands regularly using alcohol-based cleaner or soap / water
1000203,Covering mouth and nose when coughing or sneezing
1000114,Washing hands regularly using alcohol-based cleaner or soap / water
1000114,Covering mouth and nose when coughing or sneezing
1000114,Avoid close contact with anyone who has a fever and cough
1000219,Washing hands regularly using alcohol-based cleaner or soap / water
1000219,Covering mouth and nose when coughing or sneezing
1000219,Avoid close contact with anyone who has a fever and cough
1000219,Cook meat and eggs well
1000219,Avoid unprotected direct contact with live animals and surfaces in contact with animals
1000302,Washing hands regularly using alcohol-based cleaner or soap / water
1000302,Covering mouth and nose when coughing or sneezing
1000302,Avoid close contact with anyone who has a fever and cough
1000302,Avoid unprotected direct contact with live animals and surfaces in contact with animals
1000260,Washing hands regularly using alcohol-based cleaner or soap / water
1000260,Covering mouth and nose when coughing or sneezing
1000260,Avoid close contact with anyone who has a fever and cough
1000260,Avoid unprotected direct contact with live animals and surfaces in contact with animals
1000239,Washing hands regularly using alcohol-based cleaner or soap / water
1000239,Covering mouth and nose when coughing or sneezing
1000239,Avoid close contact with anyone who has a fever and cough
1000239,Avoid unprotected direct contact with live animals and surfaces in contact with animals
1000239,social distance 
1000194,Washing hands regularly using alcohol-based cleaner or soap / water
1000194,Covering mouth and nose when coughing or sneezing
1000194,Avoid close contact with anyone who has a fever and cough
1000198,Washing hands regularly using alcohol-based cleaner or soap / water
1000198,Covering mouth and nose when coughing or sneezing
1000198,Avoid close contact with anyone who has a fever and cough
1000198,Avoid unprotected direct contact with live animals and surfaces in contact with animals
1000162,Washing hands regularly using alcohol-based cleaner or soap / water
1000162,Covering mouth and nose when coughing or sneezing
1000162,Avoid close contact with anyone who has a fever and cough
1000136,Washing hands regularly using alcohol-based cleaner or soap / water
1000136,Covering mouth and nose when coughing or sneezing
1000136,Avoid close contact with anyone who has a fever and cough
1000181,Washing hands regularly using alcohol-based cleaner or soap / water
1000181,Covering mouth and nose when coughing or sneezing
1000181,Avoid close contact with anyone who has a fever and cough
1000181,Avoid unprotected direct contact with live animals and surfaces in contact with animals
1000210,Washing hands regularly using alcohol-based cleaner or soap / water
1000210,Covering mouth and nose when coughing or sneezing
1000210,Avoid close contact with anyone who has a fever and cough
1000139,Washing hands regularly using alcohol-based cleaner or soap / water
1000139,Covering mouth and nose when coughing or sneezing
1000139,Avoid close contact with anyone who has a fever and cough
1000133,Washing hands regularly using alcohol-based cleaner or soap / water
1000133,Covering mouth and nose when coughing or sneezing
1000133,Avoid close contact with anyone who has a fever and cough
1000133,Cook meat and eggs well
1000243,Washing hands regularly using alcohol-based cleaner or soap / water
1000243,Covering mouth and nose when coughing or sneezing
1000243,Avoid close contact with anyone who has a fever and cough
1000169,Washing hands regularly using alcohol-based cleaner or soap / water
1000169,Covering mouth and nose when coughing or sneezing
1000169,Avoid close contact with anyone who has a fever and cough
1000169,Cook meat and eggs well
1000182,Washing hands regularly using alcohol-based cleaner or soap / water
1000182,Covering mouth and nose when coughing or sneezing
1000182,Avoid close contact with anyone who has a fever and cough
1000170,Washing hands regularly using alcohol-based cleaner or soap / water
1000170,Covering mouth and nose when coughing or sneezing
1000170,Avoid close contact with anyone who has a fever and cough
1000170,Avoid unprotected direct contact with live animals and surfaces in contact with animals
1000101,Washing hands regularly using alcohol-based cleaner or soap / water
1000101,Covering mouth and nose when coughing or sneezing
1000101,Avoid close contact with anyone who has a fever and cough
1000267,Washing hands regularly using alcohol-based cleaner or soap / water
1000267,Covering mouth and nose when coughing or sneezing
1000267,Avoid close contact with anyone who has a fever and cough
1000134,Washing hands regularly using alcohol-based cleaner or soap / water
1000134,Covering mouth and nose when coughing or sneezing
1000134,Avoid close contact with anyone who has a fever and cough
1000134,Avoid unprotected direct contact with live animals and surfaces in contact with animals
1000221,Washing hands regularly using alcohol-based cleaner or soap / water
1000221,Covering mouth and nose when coughing or sneezing
1000221,Avoid close contact with anyone who has a fever and cough
1000221,Avoid unprotected direct contact with live animals and surfaces in contact with animals
1000148,Washing hands regularly using alcohol-based cleaner or soap / water
1000148,Covering mouth and nose when coughing or sneezing
1000148,Avoid close contact with anyone who has a fever and cough
1000148,Cook meat and eggs well
1000148,Avoid unprotected direct contact with live animals and surfaces in contact with animals
1000252,Washing hands regularly using alcohol-based cleaner or soap / water
1000252,Covering mouth and nose when coughing or sneezing
1000252,Avoid close contact with anyone who has a fever and cough
1000274,Washing hands regularly using alcohol-based cleaner or soap / water
1000274,Covering mouth and nose when coughing or sneezing
1000274,Avoid close contact with anyone who has a fever and cough
1000274,Avoid unprotected direct contact with live animals and surfaces in contact with animals
1000144,Washing hands regularly using alcohol-based cleaner or soap / water
1000144,Covering mouth and nose when coughing or sneezing
1000144,Avoid close contact with anyone who has a fever and cough
1000220,Washing hands regularly using alcohol-based cleaner or soap / water
1000220,Covering mouth and nose when coughing or sneezing
1000220,Avoid close contact with anyone who has a fever and cough
1000220,Cook meat and eggs well
1000220,Avoid unprotected direct contact with live animals and surfaces in contact with animals
1000192,Washing hands regularly using alcohol-based cleaner or soap / water
1000192,Covering mouth and nose when coughing or sneezing
1000192,Avoid close contact with anyone who has a fever and cough
1000192,Avoid unprotected direct contact with live animals and surfaces in contact with animals
1000253,Washing hands regularly using alcohol-based cleaner or soap / water
1000253,Covering mouth and nose when coughing or sneezing
1000253,Avoid close contact with anyone who has a fever and cough
1000253,Avoid unprotected direct contact with live animals and surfaces in contact with animals
1000215,Washing hands regularly using alcohol-based cleaner or soap / water
1000215,Covering mouth and nose when coughing or sneezing
1000215,Avoid close contact with anyone who has a fever and cough
1000215,Avoid unprotected direct contact with live animals and surfaces in contact with animals
1000157,Washing hands regularly using alcohol-based cleaner or soap / water
1000157,Covering mouth and nose when coughing or sneezing
1000157,Avoid close contact with anyone who has a fever and cough
1000113,Washing hands regularly using alcohol-based cleaner or soap / water
1000113,Covering mouth and nose when coughing or sneezing
1000113,Avoid close contact with anyone who has a fever and cough
1000113,Cook meat and eggs well
1000113,Avoid unprotected direct contact with live animals and surfaces in contact with animals
1000140,Washing hands regularly using alcohol-based cleaner or soap / water
1000140,Covering mouth and nose when coughing or sneezing
1000140,Avoid close contact with anyone who has a fever and cough
1000140,Cook meat and eggs well
1000140,Avoid unprotected direct contact with live animals and surfaces in contact with animals
1000211,Washing hands regularly using alcohol-based cleaner or soap / water
1000211,Covering mouth and nose when coughing or sneezing
1000211,Avoid close contact with anyone who has a fever and cough
1000211,Eliminate standing water
1000211,Cook meat and eggs well
1000211,Avoid unprotected direct contact with live animals and surfaces in contact with animals
1000197,Washing hands regularly using alcohol-based cleaner or soap / water
1000197,Covering mouth and nose when coughing or sneezing
1000197,Avoid close contact with anyone who has a fever and cough
1000197,Cook meat and eggs well
1000313,Washing hands regularly using alcohol-based cleaner or soap / water
1000313,Covering mouth and nose when coughing or sneezing
1000313,Avoid close contact with anyone who has a fever and cough
1000313,Avoid unprotected direct contact with live animals and surfaces in contact with animals
1000266,Washing hands regularly using alcohol-based cleaner or soap / water
1000266,Covering mouth and nose when coughing or sneezing
1000266,Avoid close contact with anyone who has a fever and cough
1000108,Washing hands regularly using alcohol-based cleaner or soap / water
1000108,Covering mouth and nose when coughing or sneezing
1000108,Avoid close contact with anyone who has a fever and cough
1000108,Avoid unprotected direct contact with live animals and surfaces in contact with animals
1000164,Washing hands regularly using alcohol-based cleaner or soap / water
1000164,Covering mouth and nose when coughing or sneezing
1000164,Avoid close contact with anyone who has a fever and cough
1000110,Washing hands regularly using alcohol-based cleaner or soap / water
1000110,Covering mouth and nose when coughing or sneezing
1000110,Avoid close contact with anyone who has a fever and cough
1000103,Washing hands regularly using alcohol-based cleaner or soap / water
1000103,Covering mouth and nose when coughing or sneezing
1000103,Avoid close contact with anyone who has a fever and cough
1000256,Washing hands regularly using alcohol-based cleaner or soap / water
1000256,Covering mouth and nose when coughing or sneezing
1000256,Avoid close contact with anyone who has a fever and cough
1000264,Washing hands regularly using alcohol-based cleaner or soap / water
1000264,Avoid close contact with anyone who has a fever and cough
1000264,Avoid unprotected direct contact with live animals and surfaces in contact with animals
1000193,Washing hands regularly using alcohol-based cleaner or soap / water
1000193,Covering mouth and nose when coughing or sneezing
1000193,Avoid close contact with anyone who has a fever and cough
1000244,Washing hands regularly using alcohol-based cleaner or soap / water
1000244,Covering mouth and nose when coughing or sneezing
1000244,Avoid close contact with anyone who has a fever and cough
1000244,Avoid unprotected direct contact with live animals and surfaces in contact with animals
1000283,Washing hands regularly using alcohol-based cleaner or soap / water
1000283,Covering mouth and nose when coughing or sneezing
1000283,Avoid close contact with anyone who has a fever and cough
1000283,Avoid unprotected direct contact with live animals and surfaces in contact with animals
1000159,Washing hands regularly using alcohol-based cleaner or soap / water
1000159,Covering mouth and nose when coughing or sneezing
1000159,Avoid close contact with anyone who has a fever and cough
1000159,Cook meat and eggs well
1000262,Washing hands regularly using alcohol-based cleaner or soap / water
1000262,Covering mouth and nose when coughing or sneezing
1000262,Avoid close contact with anyone who has a fever and cough
1000262,Cook meat and eggs well
1000262,Avoid unprotected direct contact with live animals and surfaces in contact with animals
1000126,Washing hands regularly using alcohol-based cleaner or soap / water
1000126,Covering mouth and nose when coughing or sneezing
1000254,Washing hands regularly using alcohol-based cleaner or soap / water
1000254,Covering mouth and nose when coughing or sneezing
1000254,Avoid close contact with anyone who has a fever and cough
1000254,Cook meat and eggs well
1000152,Covering mouth and nose when coughing or sneezing
1000238,Washing hands regularly using alcohol-based cleaner or soap / water
1000238,Covering mouth and nose when coughing or sneezing
1000238,Avoid close contact with anyone who has a fever and cough
1000238,Cook meat and eggs well
1000277,Washing hands regularly using alcohol-based cleaner or soap / water
1000277,Covering mouth and nose when coughing or sneezing
1000277,Avoid close contact with anyone who has a fever and cough
1000277,Cook meat and eggs well
1000277,Avoid unprotected direct contact with live animals and surfaces in contact with animals
1000106,Washing hands regularly using alcohol-based cleaner or soap / water
1000106,Covering mouth and nose when coughing or sneezing
1000106,Avoid close contact with anyone who has a fever and cough
1000106,Eliminate standing water
1000106,Cook meat and eggs well
1000106,Avoid unprotected direct contact with live animals and surfaces in contact with animals
1000130,Washing hands regularly using alcohol-based cleaner or soap / water
1000130,Covering mouth and nose when coughing or sneezing
1000130,Avoid close contact with anyone who has a fever and cough
1000130,Cook meat and eggs well
1000224,Washing hands regularly using alcohol-based cleaner or soap / water
1000224,Covering mouth and nose when coughing or sneezing
1000224,Avoid close contact with anyone who has a fever and cough
1000143,Washing hands regularly using alcohol-based cleaner or soap / water
1000143,Covering mouth and nose when coughing or sneezing
1000143,Avoid close contact with anyone who has a fever and cough
1000143,Avoid unprotected direct contact with live animals and surfaces in contact with animals
1000161,Washing hands regularly using alcohol-based cleaner or soap / water
1000161,Covering mouth and nose when coughing or sneezing
1000161,Avoid close contact with anyone who has a fever and cough
1000137,Washing hands regularly using alcohol-based cleaner or soap / water
1000137,Covering mouth and nose when coughing or sneezing
1000137,Avoid close contact with anyone who has a fever and cough
1000137,Cook meat and eggs well
1000201,Washing hands regularly using alcohol-based cleaner or soap / water
1000201,Covering mouth and nose when coughing or sneezing
1000201,Avoid close contact with anyone who has a fever and cough
1000201,Eliminate standing water
1000300,Washing hands regularly using alcohol-based cleaner or soap / water
1000300,Covering mouth and nose when coughing or sneezing
1000300,Avoid close contact with anyone who has a fever and cough
1000317,Washing hands regularly using alcohol-based cleaner or soap / water
1000317,Covering mouth and nose when coughing or sneezing
1000317,Avoid close contact with anyone who has a fever and cough
1000317,Eating well to build immunity
1000314,Washing hands regularly using alcohol-based cleaner or soap / water
1000314,Covering mouth and nose when coughing or sneezing
1000314,Avoid close contact with anyone who has a fever and cough
1000314,Cook meat and eggs well
1000314,Avoid unprotected direct contact with live animals and surfaces in contact with animals
1000235,Washing hands regularly using alcohol-based cleaner or soap / water
1000235,Covering mouth and nose when coughing or sneezing
1000235,Avoid close contact with anyone who has a fever and cough
1000320,Washing hands regularly using alcohol-based cleaner or soap / water
1000320,Covering mouth and nose when coughing or sneezing
1000320,Avoid close contact with anyone who has a fever and cough
1000304,Washing hands regularly using alcohol-based cleaner or soap / water
1000304,Covering mouth and nose when coughing or sneezing
1000304,Avoid close contact with anyone who has a fever and cough
1000304,Avoid unprotected direct contact with live animals and surfaces in contact with animals
1000195,Washing hands regularly using alcohol-based cleaner or soap / water
1000195,Avoid close contact with anyone who has a fever and cough
1000195,Cook meat and eggs well
1000195,Avoid unprotected direct contact with live animals and surfaces in contact with animals
1000292,Washing hands regularly using alcohol-based cleaner or soap / water
1000292,Covering mouth and nose when coughing or sneezing
1000292,Avoid close contact with anyone who has a fever and cough
1000292,Avoid unprotected direct contact with live animals and surfaces in contact with animals
1000163,Washing hands regularly using alcohol-based cleaner or soap / water
1000163,Covering mouth and nose when coughing or sneezing
1000163,Avoid close contact with anyone who has a fever and cough
1000307,Washing hands regularly using alcohol-based cleaner or soap / water
1000307,Covering mouth and nose when coughing or sneezing
1000307,Avoid close contact with anyone who has a fever and cough
1000307,Cook meat and eggs well
1000307,Avoid unprotected direct contact with live animals and surfaces in contact with animals
1000153,Washing hands regularly using alcohol-based cleaner or soap / water
1000153,Covering mouth and nose when coughing or sneezing
1000153,Avoid close contact with anyone who has a fever and cough
1000132,Washing hands regularly using alcohol-based cleaner or soap / water
1000132,Covering mouth and nose when coughing or sneezing
1000168,Washing hands regularly using alcohol-based cleaner or soap / water
1000168,Covering mouth and nose when coughing or sneezing
1000168,Avoid close contact with anyone who has a fever and cough
1000306,Washing hands regularly using alcohol-based cleaner or soap / water
1000306,Covering mouth and nose when coughing or sneezing
1000306,Avoid close contact with anyone who has a fever and cough
1000180,Washing hands regularly using alcohol-based cleaner or soap / water
1000180,Covering mouth and nose when coughing or sneezing
1000180,Avoid close contact with anyone who has a fever and cough
1000180,Eliminate standing water
1000180,Cook meat and eggs well
1000180,Avoid unprotected direct contact with live animals and surfaces in contact with animals
1000151,Washing hands regularly using alcohol-based cleaner or soap / water
1000151,Covering mouth and nose when coughing or sneezing
1000151,Avoid close contact with anyone who has a fever and cough
1000151,Avoid unprotected direct contact with live animals and surfaces in contact with animals
1000165,Washing hands regularly using alcohol-based cleaner or soap / water
1000165,Covering mouth and nose when coughing or sneezing
1000165,Avoid close contact with anyone who has a fever and cough
1000165,Avoid unprotected direct contact with live animals and surfaces in contact with animals
1000154,Washing hands regularly using alcohol-based cleaner or soap / water
1000154,Covering mouth and nose when coughing or sneezing
1000154,Avoid close contact with anyone who has a fever and cough
1000154,Cook meat and eggs well
1000231,Washing hands regularly using alcohol-based cleaner or soap / water
1000231,Covering mouth and nose when coughing or sneezing
1000231,Avoid close contact with anyone who has a fever and cough
1000231,Avoid unprotected direct contact with live animals and surfaces in contact with animals
1000269,Washing hands regularly using alcohol-based cleaner or soap / water
1000269,Covering mouth and nose when coughing or sneezing
1000269,Avoid close contact with anyone who has a fever and cough
1000269,Avoid unprotected direct contact with live animals and surfaces in contact with animals
1000175,Washing hands regularly using alcohol-based cleaner or soap / water
1000175,Covering mouth and nose when coughing or sneezing
1000175,Avoid close contact with anyone who has a fever and cough
1000188,Washing hands regularly using alcohol-based cleaner or soap / water
1000188,Covering mouth and nose when coughing or sneezing
1000188,Avoid close contact with anyone who has a fever and cough
1000123,Washing hands regularly using alcohol-based cleaner or soap / water
1000123,Covering mouth and nose when coughing or sneezing
1000123,Avoid close contact with anyone who has a fever and cough
1000109,Washing hands regularly using alcohol-based cleaner or soap / water
1000109,Covering mouth and nose when coughing or sneezing
1000109,Avoid close contact with anyone who has a fever and cough
1000109,Avoid unprotected direct contact with live animals and surfaces in contact with animals
1000270,Washing hands regularly using alcohol-based cleaner or soap / water
1000270,Covering mouth and nose when coughing or sneezing
1000270,Avoid close contact with anyone who has a fever and cough
1000229,Covering mouth and nose when coughing or sneezing
1000229,Avoid close contact with anyone who has a fever and cough
1000150,Washing hands regularly using alcohol-based cleaner or soap / water
1000150,Covering mouth and nose when coughing or sneezing
1000150,Avoid close contact with anyone who has a fever and cough
1000319,Washing hands regularly using alcohol-based cleaner or soap / water
1000319,Covering mouth and nose when coughing or sneezing
1000319,Avoid close contact with anyone who has a fever and cough
1000319,Cook meat and eggs well
1000319,Avoid unprotected direct contact with live animals and surfaces in contact with animals
1000124,Washing hands regularly using alcohol-based cleaner or soap / water
1000124,Covering mouth and nose when coughing or sneezing
1000124,Avoid close contact with anyone who has a fever and cough
1000124,Avoid unprotected direct contact with live animals and surfaces in contact with animals
1000160,Washing hands regularly using alcohol-based cleaner or soap / water
1000160,Covering mouth and nose when coughing or sneezing
1000160,Avoid close contact with anyone who has a fever and cough
1000160,Avoid unprotected direct contact with live animals and surfaces in contact with animals
1000184,Washing hands regularly using alcohol-based cleaner or soap / water
1000184,Covering mouth and nose when coughing or sneezing
1000184,Avoid close contact with anyone who has a fever and cough
1000172,Washing hands regularly using alcohol-based cleaner or soap / water
1000172,Covering mouth and nose when coughing or sneezing
1000172,Avoid close contact with anyone who has a fever and cough
1000172,Avoid unprotected direct contact with live animals and surfaces in contact with animals
1000240,Washing hands regularly using alcohol-based cleaner or soap / water
1000240,Covering mouth and nose when coughing or sneezing
1000240,Avoid close contact with anyone who has a fever and cough
1000112,Washing hands regularly using alcohol-based cleaner or soap / water
1000112,Covering mouth and nose when coughing or sneezing
1000112,Avoid close contact with anyone who has a fever and cough
1000112,Avoid unprotected direct contact with live animals and surfaces in contact with animals
1000263,Washing hands regularly using alcohol-based cleaner or soap / water
1000263,Covering mouth and nose when coughing or sneezing
1000263,Avoid close contact with anyone who has a fever and cough
1000263,Avoid unprotected direct contact with live animals and surfaces in contact with animals
1000322,Washing hands regularly using alcohol-based cleaner or soap / water
1000322,Covering mouth and nose when coughing or sneezing
1000138,Washing hands regularly using alcohol-based cleaner or soap / water
1000138,Covering mouth and nose when coughing or sneezing
1000138,Avoid close contact with anyone who has a fever and cough
1000138,Cook meat and eggs well
1000138,Avoid unprotected direct contact with live animals and surfaces in contact with animals
1000310,Washing hands regularly using alcohol-based cleaner or soap / water
1000310,Covering mouth and nose when coughing or sneezing
1000310,Avoid close contact with anyone who has a fever and cough
1000310,Cook meat and eggs well
1000310,Avoid unprotected direct contact with live animals and surfaces in contact with animals
1000257,Washing hands regularly using alcohol-based cleaner or soap / water
1000257,Covering mouth and nose when coughing or sneezing
1000257,Avoid unprotected direct contact with live animals and surfaces in contact with animals
1000257,Wearing nose mask when moving out and avoiding crowded places. Ensuring  social distancing 
1000287,Washing hands regularly using alcohol-based cleaner or soap / water
1000287,Covering mouth and nose when coughing or sneezing
1000287,Avoid close contact with anyone who has a fever and cough
1000287,Avoid unprotected direct contact with live animals and surfaces in contact with animals
1000213,Washing hands regularly using alcohol-based cleaner or soap / water
1000213,Covering mouth and nose when coughing or sneezing
1000213,Avoid close contact with anyone who has a fever and cough
1000213,Cook meat and eggs well
1000218,Washing hands regularly using alcohol-based cleaner or soap / water
1000218,Covering mouth and nose when coughing or sneezing
1000218,Avoid close contact with anyone who has a fever and cough
1000305,Washing hands regularly using alcohol-based cleaner or soap / water
1000305,Covering mouth and nose when coughing or sneezing
1000305,Avoid close contact with anyone who has a fever and cough
1000305,Avoid unprotected direct contact with live animals and surfaces in contact with animals
1000118,Washing hands regularly using alcohol-based cleaner or soap / water
1000118,Covering mouth and nose when coughing or sneezing
1000118,Avoid close contact with anyone who has a fever and cough
1000118,Avoid unprotected direct contact with live animals and surfaces in contact with animals
1000200,Washing hands regularly using alcohol-based cleaner or soap / water
1000200,Covering mouth and nose when coughing or sneezing
1000200,Avoid close contact with anyone who has a fever and cough
1000248,Washing hands regularly using alcohol-based cleaner or soap / water
1000248,Covering mouth and nose when coughing or sneezing
1000248,Avoid close contact with anyone who has a fever and cough
1000248,Cook meat and eggs well
1000248,Avoid unprotected direct contact with live animals and surfaces in contact with animals
1000280,Washing hands regularly using alcohol-based cleaner or soap / water
1000280,Covering mouth and nose when coughing or sneezing
1000280,Avoid close contact with anyone who has a fever and cough
1000234,Washing hands regularly using alcohol-based cleaner or soap / water
1000234,Covering mouth and nose when coughing or sneezing
1000234,Avoid close contact with anyone who has a fever and cough
1000234,Avoid unprotected direct contact with live animals and surfaces in contact with animals
1000282,Washing hands regularly using alcohol-based cleaner or soap / water
1000282,Covering mouth and nose when coughing or sneezing
1000282,Avoid close contact with anyone who has a fever and cough
1000282,Cook meat and eggs well
1000282,Avoid unprotected direct contact with live animals and surfaces in contact with animals
1000228,Washing hands regularly using alcohol-based cleaner or soap / water
1000228,Covering mouth and nose when coughing or sneezing
1000228,Avoid close contact with anyone who has a fever and cough
1000242,Washing hands regularly using alcohol-based cleaner or soap / water
1000242,Covering mouth and nose when coughing or sneezing
1000242,Avoid close contact with anyone who has a fever and cough
1000312,Washing hands regularly using alcohol-based cleaner or soap / water
1000312,Covering mouth and nose when coughing or sneezing
1000312,Avoid close contact with anyone who has a fever and cough
1000281,Washing hands regularly using alcohol-based cleaner or soap / water
1000281,Covering mouth and nose when coughing or sneezing
1000281,Avoid close contact with anyone who has a fever and cough
1000281,Cook meat and eggs well
1000281,Avoid unprotected direct contact with live animals and surfaces in contact with animals
1000120,Washing hands regularly using alcohol-based cleaner or soap / water
1000120,Covering mouth and nose when coughing or sneezing
1000120,Avoid close contact with anyone who has a fever and cough
1000230,Washing hands regularly using alcohol-based cleaner or soap / water
1000230,Covering mouth and nose when coughing or sneezing
1000230,"Avoid going to crowded places, practising social distancing protocols and wearing of face when going out."
1000209,Washing hands regularly using alcohol-based cleaner or soap / water
1000209,Covering mouth and nose when coughing or sneezing
1000209,Avoid close contact with anyone who has a fever and cough
1000276,Washing hands regularly using alcohol-based cleaner or soap / water
1000276,Covering mouth and nose when coughing or sneezing
1000276,Avoid close contact with anyone who has a fever and cough
1000276,Avoid unprotected direct contact with live animals and surfaces in contact with animals
1000232,Washing hands regularly using alcohol-based cleaner or soap / water
1000232,Covering mouth and nose when coughing or sneezing
1000232,Avoid close contact with anyone who has a fever and cough
1000245,Washing hands regularly using alcohol-based cleaner or soap / water
1000245,Covering mouth and nose when coughing or sneezing
1000245,Avoid close contact with anyone who has a fever and cough
1000245,Avoid unprotected direct contact with live animals and surfaces in contact with animals
1000125,Washing hands regularly using alcohol-based cleaner or soap / water
1000125,Covering mouth and nose when coughing or sneezing
1000125,Avoid close contact with anyone who has a fever and cough
1000286,Washing hands regularly using alcohol-based cleaner or soap / water
1000286,Covering mouth and nose when coughing or sneezing
1000286,Avoid close contact with anyone who has a fever and cough
1000286,Eliminate standing water
1000286,Cook meat and eggs well
1000286,Avoid unprotected direct contact with live animals and surfaces in contact with animals
1000255,Washing hands regularly using alcohol-based cleaner or soap / water
1000255,Covering mouth and nose when coughing or sneezing
1000255,Avoid close contact with anyone who has a fever and cough
1000255,Cook meat and eggs well
1000272,Washing hands regularly using alcohol-based cleaner or soap / water
1000272,Covering mouth and nose when coughing or sneezing
1000272,Avoid close contact with anyone who has a fever and cough
1000272,Cook meat and eggs well
1000272,Avoid unprotected direct contact with live animals and surfaces in contact with animals
1000249,Washing hands regularly using alcohol-based cleaner or soap / water
1000249,Covering mouth and nose when coughing or sneezing
1000249,Avoid close contact with anyone who has a fever and cough
1000249,Cook meat and eggs well
1000258,Washing hands regularly using alcohol-based cleaner or soap / water
1000258,Covering mouth and nose when coughing or sneezing
1000258,Avoid close contact with anyone who has a fever and cough
1000258,Avoid unprotected direct contact with live animals and surfaces in contact with animals
1000294,Washing hands regularly using alcohol-based cleaner or soap / water
1000294,Covering mouth and nose when coughing or sneezing
1000294,Avoid close contact with anyone who has a fever and cough
1000216,Washing hands regularly using alcohol-based cleaner or soap / water
1000216,Covering mouth and nose when coughing or sneezing
1000216,Avoid close contact with anyone who has a fever and cough
1000216,Cook meat and eggs well
1000156,Washing hands regularly using alcohol-based cleaner or soap / water
1000156,Covering mouth and nose when coughing or sneezing
1000156,Avoid close contact with anyone who has a fever and cough
1000156,Avoid unprotected direct contact with live animals and surfaces in contact with animals
1000102,Washing hands regularly using alcohol-based cleaner or soap / water
1000102,Covering mouth and nose when coughing or sneezing
1000102,Avoid close contact with anyone who has a fever and cough
1000102,Cook meat and eggs well
1000102,Avoid unprotected direct contact with live animals and surfaces in contact with animals
1000166,Washing hands regularly using alcohol-based cleaner or soap / water
1000166,Covering mouth and nose when coughing or sneezing
1000166,Avoid close contact with anyone who has a fever and cough
1000207,Washing hands regularly using alcohol-based cleaner or soap / water
1000207,Covering mouth and nose when coughing or sneezing
1000207,Cook meat and eggs well
1000207,Avoid unprotected direct contact with live animals and surfaces in contact with animals
1000309,Washing hands regularly using alcohol-based cleaner or soap / water
1000309,Covering mouth and nose when coughing or sneezing
1000309,Avoid close contact with anyone who has a fever and cough
1000202,Washing hands regularly using alcohol-based cleaner or soap / water
1000202,Covering mouth and nose when coughing or sneezing
1000202,Avoid close contact with anyone who has a fever and cough
1000202,Cook meat and eggs well
1000202,Avoid unprotected direct contact with live animals and surfaces in contact with animals
1000100,Washing hands regularly using alcohol-based cleaner or soap / water
1000100,Covering mouth and nose when coughing or sneezing
1000100,Avoid close contact with anyone who has a fever and cough
1000299,Washing hands regularly using alcohol-based cleaner or soap / water
1000299,Covering mouth and nose when coughing or sneezing
1000299,Avoid close contact with anyone who has a fever and cough
1000241,Washing hands regularly using alcohol-based cleaner or soap / water
1000241,Covering mouth and nose when coughing or sneezing
1000241,Avoid close contact with anyone who has a fever and cough
1000241,Eliminate standing water
1000303,Washing hands regularly using alcohol-based cleaner or soap / water
1000303,Covering mouth and nose when coughing or sneezing
1000303,Avoid close contact with anyone who has a fever and cough
1000303,Avoid unprotected direct contact with live animals and surfaces in contact with animals
1000288,Washing hands regularly using alcohol-based cleaner or soap / water
1000288,Covering mouth and nose when coughing or sneezing
1000288,Avoid close contact with anyone who has a fever and cough
1000291,Washing hands regularly using alcohol-based cleaner or soap / water
1000291,Covering mouth and nose when coughing or sneezing
1000291,Avoid close contact with anyone who has a fever and cough
1000291,Avoid unprotected direct contact with live animals and surfaces in contact with animals
1000183,Washing hands regularly using alcohol-based cleaner or soap / water
1000183,Covering mouth and nose when coughing or sneezing
1000183,Avoid close contact with anyone who has a fever and cough
1000316,Washing hands regularly using alcohol-based cleaner or soap / water
1000316,Covering mouth and nose when coughing or sneezing
1000316,Avoid close contact with anyone who has a fever and cough
1000316,Avoid unprotected direct contact with live animals and surfaces in contact with animals
1000223,Washing hands regularly using alcohol-based cleaner or soap / water
1000223,Covering mouth and nose when coughing or sneezing
1000223,Avoid close contact with anyone who has a fever and cough
1000173,Washing hands regularly using alcohol-based cleaner or soap / water
1000173,Covering mouth and nose when coughing or sneezing
1000173,Avoid close contact with anyone who has a fever and cough
1000293,Washing hands regularly using alcohol-based cleaner or soap / water
1000293,Covering mouth and nose when coughing or sneezing
1000293,Avoid close contact with anyone who has a fever and cough
1000293,Cook meat and eggs well
1000293,Avoid unprotected direct contact with live animals and surfaces in contact with animals
1000284,Washing hands regularly using alcohol-based cleaner or soap / water
1000284,Covering mouth and nose when coughing or sneezing
1000284,Avoid close contact with anyone who has a fever and cough
1000186,Washing hands regularly using alcohol-based cleaner or soap / water
1000186,Covering mouth and nose when coughing or sneezing
1000186,Avoid close contact with anyone who has a fever and cough
1000186,Avoid unprotected direct contact with live animals and surfaces in contact with animals
1000129,Washing hands regularly using alcohol-based cleaner or soap / water
1000129,Covering mouth and nose when coughing or sneezing
1000129,Avoid close contact with anyone who has a fever and cough
1000129,Cook meat and eggs well
1000129,Avoid unprotected direct contact with live animals and surfaces in contact with animals
1000191,Washing hands regularly using alcohol-based cleaner or soap / water
1000191,Covering mouth and nose when coughing or sneezing
1000191,Avoid close contact with anyone who has a fever and cough
1000191,Avoid unprotected direct contact with live animals and surfaces in contact with animals
1000251,Washing hands regularly using alcohol-based cleaner or soap / water
1000251,Covering mouth and nose when coughing or sneezing
1000251,Avoid close contact with anyone who has a fever and cough
1000179,Washing hands regularly using alcohol-based cleaner or soap / water
1000179,Covering mouth and nose when coughing or sneezing
1000179,Avoid close contact with anyone who has a fever and cough
1000178,Washing hands regularly using alcohol-based cleaner or soap / water
1000178,Covering mouth and nose when coughing or sneezing
1000178,Avoid close contact with anyone who has a fever and cough
1000178,Avoid unprotected direct contact with live animals and surfaces in contact with animals
1000107,Washing hands regularly using alcohol-based cleaner or soap / water
1000107,Covering mouth and nose when coughing or sneezing
1000321,Washing hands regularly using alcohol-based cleaner or soap / water
1000321,Covering mouth and nose when coughing or sneezing
1000321,Avoid close contact with anyone who has a fever and cough
1000321,Avoid unprotected direct contact with live animals and surfaces in contact with animals
1000115,Washing hands regularly using alcohol-based cleaner or soap / water
1000115,Covering mouth and nose when coughing or sneezing
1000115,Avoid close contact with anyone who has a fever and cough
1000259,Washing hands regularly using alcohol-based cleaner or soap / water
1000259,Covering mouth and nose when coughing or sneezing
1000259,Avoid close contact with anyone who has a fever and cough
1000259,Avoid unprotected direct contact with live animals and surfaces in contact with animals
1000105,Washing hands regularly using alcohol-based cleaner or soap / water
1000105,Covering mouth and nose when coughing or sneezing
1000279,Washing hands regularly using alcohol-based cleaner or soap / water
1000279,Covering mouth and nose when coughing or sneezing
1000279,Avoid close contact with anyone who has a fever and cough
1000279,Eliminate standing water
1000279,Cook meat and eggs well
1000279,Avoid unprotected direct contact with live animals and surfaces in contact with animals
1000149,Washing hands regularly using alcohol-based cleaner or soap / water
1000149,Covering mouth and nose when coughing or sneezing
1000149,Avoid close contact with anyone who has a fever and cough
1000149,Cook meat and eggs well
1000149,Avoid unprotected direct contact with live animals and surfaces in contact with animals
1000208,Washing hands regularly using alcohol-based cleaner or soap / water
1000208,Covering mouth and nose when coughing or sneezing
1000208,Avoid close contact with anyone who has a fever and cough
1000142,Washing hands regularly using alcohol-based cleaner or soap / water
1000142,Covering mouth and nose when coughing or sneezing
1000142,Avoid close contact with anyone who has a fever and cough
1000142,"Staying indoors when we possible, wearing of nose masks when going to town"
1000222,Washing hands regularly using alcohol-based cleaner or soap / water
1000222,Covering mouth and nose when coughing or sneezing
1000222,Avoid close contact with anyone who has a fever and cough
1000222,Cook meat and eggs well
1000222,Avoid unprotected direct contact with live animals and surfaces in contact with animals
1000308,Washing hands regularly using alcohol-based cleaner or soap / water
1000308,Covering mouth and nose when coughing or sneezing
1000146,Washing hands regularly using alcohol-based cleaner or soap / water
1000146,Covering mouth and nose when coughing or sneezing
1000146,Avoid close contact with anyone who has a fever and cough
1000146,Cook meat and eggs well
1000146,Avoid unprotected direct contact with live animals and surfaces in contact with animals
1000298,Washing hands regularly using alcohol-based cleaner or soap / water
1000298,Covering mouth and nose when coughing or sneezing
1000298,Avoid close contact with anyone who has a fever and cough
1000236,Washing hands regularly using alcohol-based cleaner or soap / water
1000236,Covering mouth and nose when coughing or sneezing
1000236,Avoid close contact with anyone who has a fever and cough
1000236,Avoid unprotected direct contact with live animals and surfaces in contact with animals
1000297,Washing hands regularly using alcohol-based cleaner or soap / water
1000297,Covering mouth and nose when coughing or sneezing
1000297,Avoid close contact with anyone who has a fever and cough
1000297,Eliminate standing water
1000297,Cook meat and eggs well
1000297,Avoid unprotected direct contact with live animals and surfaces in contact with animals
1000296,Washing hands regularly using alcohol-based cleaner or soap / water
1000296,Covering mouth and nose when coughing or sneezing
1000296,Avoid close contact with anyone who has a fever and cough
1000296,Cook meat and eggs well
1000296,Avoid unprotected direct contact with live animals and surfaces in contact with animals
1000250,Washing hands regularly using alcohol-based cleaner or soap / water
1000250,Covering mouth and nose when coughing or sneezing
1000250,Avoid close contact with anyone who has a fever and cough
1000145,Washing hands regularly using alcohol-based cleaner or soap / water
1000145,Covering mouth and nose when coughing or sneezing
1000145,Avoid close contact with anyone who has a fever and cough
1000145,Cook meat and eggs well
1000145,Avoid unprotected direct contact with live animals and surfaces in contact with animals
1000273,Washing hands regularly using alcohol-based cleaner or soap / water
1000273,Covering mouth and nose when coughing or sneezing
1000273,Avoid close contact with anyone who has a fever and cough
1000127,Washing hands regularly using alcohol-based cleaner or soap / water
1000127,Covering mouth and nose when coughing or sneezing
1000127,Avoid close contact with anyone who has a fever and cough
1000127,Avoid unprotected direct contact with live animals and surfaces in contact with animals
1000247,Washing hands regularly using alcohol-based cleaner or soap / water
1000247,Covering mouth and nose when coughing or sneezing
1000247,Avoid close contact with anyone who has a fever and cough
1000227,Washing hands regularly using alcohol-based cleaner or soap / water
1000227,Covering mouth and nose when coughing or sneezing
1000227,Avoid close contact with anyone who has a fever and cough
1000265,Washing hands regularly using alcohol-based cleaner or soap / water
1000265,Covering mouth and nose when coughing or sneezing
1000265,Avoid close contact with anyone who has a fever and cough
1000265,Cook meat and eggs well
1000265,Avoid unprotected direct contact with live animals and surfaces in contact with animals
1000311,Washing hands regularly using alcohol-based cleaner or soap / water
1000311,Covering mouth and nose when coughing or sneezing
1000311,Avoid close contact with anyone who has a fever and cough
1000311,Cook meat and eggs well
