id,Prevention_Knowledge
1000205,Wash your hands regularly using alcohol or soap and water
1000205,Cover your mouth and nose when coughing or sneezing
1000205,Avoid close contact with anyone who has a fever and cough
1000205,Eliminate standing water
1000205,Cook meat and eggs well
1000205,Avoid unprotected direct contact with live animals and surfaces in contact with animals
1000205,Don't know
1000176,Wash your hands regularly using alcohol or soap and water
1000176,Cover your mouth and nose when coughing or sneezing
1000176,Avoid close contact with anyone who has a fever and cough
1000301,Wash your hands regularly using alcohol or soap and water
1000301,Drink only treated water
1000301,Cover your mouth and nose when coughing or sneezing
1000301,Avoid close contact with anyone who has a fever and cough
1000301,Avoid unprotected direct contact with live animals and surfaces in contact with animals
1000301,Wear nose mask
1000315,Wash your hands regularly using alcohol or soap and water
1000315,Cover your mouth and nose when coughing or sneezing
1000187,Wash your hands regularly using alcohol or soap and water
1000187,Cover your mouth and nose when coughing or sneezing
1000187,Avoid close contact with anyone who has a fever and cough
1000171,Wash your hands regularly using alcohol or soap and water
1000171,Cover your mouth and nose when coughing or sneezing
1000171,Avoid close contact with anyone who has a fever and cough
1000212,Wash your hands regularly using alcohol or soap and water
1000212,Cover your mouth and nose when coughing or sneezing
1000212,Avoid close contact with anyone who has a fever and cough
1000212,Avoid unprotected direct contact with live animals and surfaces in contact with animals
1000217,Wash your hands regularly using alcohol or soap and water
1000217,Cover your mouth and nose when coughing or sneezing
1000217,Avoid close contact with anyone who has a fever and cough
1000217,Cook meat and eggs well
1000217,Avoid unprotected direct contact with live animals and surfaces in contact with animals
1000237,Wash your hands regularly using alcohol or soap and water
1000237,Cover your mouth and nose when coughing or sneezing
1000237,Avoid close contact with anyone who has a fever and cough
1000237,Cook meat and eggs well
1000121,Wash your hands regularly using alcohol or soap and water
1000121,Cover your mouth and nose when coughing or sneezing
1000121,Avoid close contact with anyone who has a fever and cough
1000121,Cook meat and eggs well
1000121,Avoid unprotected direct contact with live animals and surfaces in contact with animals
1000285,Wash your hands regularly using alcohol or soap and water
1000285,Cover your mouth and nose when coughing or sneezing
1000285,Avoid close contact with anyone who has a fever and cough
1000233,Wash your hands regularly using alcohol or soap and water
1000233,Cover your mouth and nose when coughing or sneezing
1000233,Avoid close contact with anyone who has a fever and cough
1000233,Avoid unprotected direct contact with live animals and surfaces in contact with animals
1000261,Wash your hands regularly using alcohol or soap and water
1000261,Cover your mouth and nose when coughing or sneezing
1000261,Avoid close contact with anyone who has a fever and cough
1000104,Wash your hands regularly using alcohol or soap and water
1000104,Cover your mouth and nose when coughing or sneezing
1000104,Avoid close contact with anyone who has a fever and cough
1000104,Avoid unprotected direct contact with live animals and surfaces in contact with animals
1000147,Wash your hands regularly using alcohol or soap and water
1000147,Cover your mouth and nose when coughing or sneezing
1000147,Avoid close contact with anyone who has a fever and cough
1000147,Cook meat and eggs well
1000147,Avoid unprotected direct contact with live animals and surfaces in contact with animals
1000174,Wash your hands regularly using alcohol or soap and water
1000174,Cover your mouth and nose when coughing or sneezing
1000174,Avoid close contact with anyone who has a fever and cough
1000225,Wash your hands regularly using alcohol or soap and water
1000225,Drink only treated water
1000225,Cover your mouth and nose when coughing or sneezing
1000225,Avoid close contact with anyone who has a fever and cough
1000275,Wash your hands regularly using alcohol or soap and water
1000275,Cover your mouth and nose when coughing or sneezing
1000275,Avoid close contact with anyone who has a fever and cough
1000119,Wash your hands regularly using alcohol or soap and water
1000119,Cover your mouth and nose when coughing or sneezing
1000119,Avoid close contact with anyone who has a fever and cough
1000128,Wash your hands regularly using alcohol or soap and water
1000128,Drink only treated water
1000128,Cover your mouth and nose when coughing or sneezing
1000128,Avoid close contact with anyone who has a fever and cough
1000128,Cook meat and eggs well
1000128,Avoid unprotected direct contact with live animals and surfaces in contact with animals
1000141,Wash your hands regularly using alcohol or soap and water
1000141,Cover your mouth and nose when coughing or sneezing
1000141,Avoid close contact with anyone who has a fever and cough
1000141,Cook meat and eggs well
1000141,Avoid unprotected direct contact with live animals and surfaces in contact with animals
1000185,Wash your hands regularly using alcohol or soap and water
1000185,Drink only treated water
1000185,Cover your mouth and nose when coughing or sneezing
1000185,Avoid close contact with anyone who has a fever and cough
1000185,Avoid unprotected direct contact with live animals and surfaces in contact with animals
1000122,Wash your hands regularly using alcohol or soap and water
1000122,Cover your mouth and nose when coughing or sneezing
1000122,Avoid close contact with anyone who has a fever and cough
1000122,Cook meat and eggs well
1000167,Wash your hands regularly using alcohol or soap and water
1000167,Cover your mouth and nose when coughing or sneezing
1000167,Avoid close contact with anyone who has a fever and cough
1000167,Avoid unprotected direct contact with live animals and surfaces in contact with animals
1000117,Wash your hands regularly using alcohol or soap and water
1000117,Cover your mouth and nose when coughing or sneezing
1000117,Avoid close contact with anyone who has a fever and cough
1000117,Avoid unprotected direct contact with live animals and surfaces in contact with animals
1000111,Wash your hands regularly using alcohol or soap and water
1000111,Cover your mouth and nose when coughing or sneezing
1000111,Avoid close contact with anyone who has a fever and cough
1000111,Avoid unprotected direct contact with live animals and surfaces in contact with animals
1000290,Wash your hands regularly using alcohol or soap and water
1000290,Cover your mouth and nose when coughing or sneezing
1000290,Avoid close contact with anyone who has a fever and cough
1000290,Cook meat and eggs well
1000290,Avoid unprotected direct contact with live animals and surfaces in contact with animals
1000131,Avoid close contact with anyone who has a fever and cough
1000131,Avoid unprotected direct contact with live animals and surfaces in contact with animals
1000226,Wash your hands regularly using alcohol or soap and water
1000226,Cover your mouth and nose when coughing or sneezing
1000226,Avoid close contact with anyone who has a fever and cough
1000226,Avoid unprotected direct contact with live animals and surfaces in contact with animals
1000226,Wear nose masks
1000289,Wash your hands regularly using alcohol or soap and water
1000289,Cover your mouth and nose when coughing or sneezing
1000204,Wash your hands regularly using alcohol or soap and water
1000204,Cover your mouth and nose when coughing or sneezing
1000204,Avoid close contact with anyone who has a fever and cough
1000190,Wash your hands regularly using alcohol or soap and water
1000190,Cover your mouth and nose when coughing or sneezing
1000190,Avoid close contact with anyone who has a fever and cough
1000190,Avoid unprotected direct contact with live animals and surfaces in contact with animals
1000214,Drink only treated water
1000214,Cover your mouth and nose when coughing or sneezing
1000214,Avoid close contact with anyone who has a fever and cough
1000199,Wash your hands regularly using alcohol or soap and water
1000199,Cover your mouth and nose when coughing or sneezing
1000199,Avoid close contact with anyone who has a fever and cough
1000155,Wash your hands regularly using alcohol or soap and water
1000155,Cover your mouth and nose when coughing or sneezing
1000155,Avoid close contact with anyone who has a fever and cough
1000155,Cook meat and eggs well
1000155,Avoid unprotected direct contact with live animals and surfaces in contact with animals
1000135,Wash your hands regularly using alcohol or soap and water
1000135,Cover your mouth and nose when coughing or sneezing
1000135,Avoid close contact with anyone who has a fever and cough
1000177,Wash your hands regularly using alcohol or soap and water
1000177,Cover your mouth and nose when coughing or sneezing
1000177,Avoid close contact with anyone who has a fever and cough
1000177,Avoid unprotected direct contact with live animals and surfaces in contact with animals
1000116,Wash your hands regularly using alcohol or soap and water
1000116,Drink only treated water
1000116,Cover your mouth and nose when coughing or sneezing
1000116,Avoid close contact with anyone who has a fever and cough
1000116,Cook meat and eggs well
1000116,Avoid unprotected direct contact with live animals and surfaces in contact with animals
1000206,Wash your hands regularly using alcohol or soap and water
1000206,Cover your mouth and nose when coughing or sneezing
1000206,Avoid close contact with anyone who has a fever and cough
1000206,Avoid unprotected direct contact with live animals and surfaces in contact with animals
1000318,Wash your hands regularly using alcohol or soap and water
1000318,Cover your mouth and nose when coughing or sneezing
1000318,Avoid close contact with anyone who has a fever and cough
1000318,Avoid unprotected direct contact with live animals and surfaces in contact with animals
1000271,Wash your hands regularly using alcohol or soap and water
1000271,Cover your mouth and nose when coughing or sneezing
1000271,Avoid close contact with anyone who has a fever and cough
1000295,Wash your hands regularly using alcohol or soap and water
1000295,Cover your mouth and nose when coughing or sneezing
1000295,Avoid close contact with anyone who has a fever and cough
1000295,Cook meat and eggs well
1000295,Avoid unprotected direct contact with live animals and surfaces in contact with animals
1000158,Wash your hands regularly using alcohol or soap and water
1000158,Drink only treated water
1000158,Cover your mouth and nose when coughing or sneezing
1000158,Avoid close contact with anyone who has a fever and cough
1000158,Cook meat and eggs well
1000158,Avoid unprotected direct contact with live animals and surfaces in contact with animals
1000246,Wash your hands regularly using alcohol or soap and water
1000246,Cover your mouth and nose when coughing or sneezing
1000246,Avoid close contact with anyone who has a fever and cough
1000196,Wash your hands regularly using alcohol or soap and water
1000196,Cover your mouth and nose when coughing or sneezing
1000196,Avoid close contact with anyone who has a fever and cough
1000189,Wash your hands regularly using alcohol or soap and water
1000189,Cover your mouth and nose when coughing or sneezing
1000189,Avoid close contact with anyone who has a fever and cough
1000268,Wash your hands regularly using alcohol or soap and water
1000268,Cover your mouth and nose when coughing or sneezing
1000268,Avoid close contact with anyone who has a fever and cough
1000203,Wash your hands regularly using alcohol or soap and water
1000114,Wash your hands regularly using alcohol or soap and water
1000114,Cover your mouth and nose when coughing or sneezing
1000114,Avoid close contact with anyone who has a fever and cough
1000219,Wash your hands regularly using alcohol or soap and water
1000219,Drink only treated water
1000219,Cover your mouth and nose when coughing or sneezing
1000219,Avoid close contact with anyone who has a fever and cough
1000219,Cook meat and eggs well
1000219,Avoid unprotected direct contact with live animals and surfaces in contact with animals
1000302,Wash your hands regularly using alcohol or soap and water
1000302,Drink only treated water
1000302,Cover your mouth and nose when coughing or sneezing
1000302,Avoid close contact with anyone who has a fever and cough
1000302,Avoid unprotected direct contact with live animals and surfaces in contact with animals
1000260,Wash your hands regularly using alcohol or soap and water
1000260,Cover your mouth and nose when coughing or sneezing
1000260,Avoid close contact with anyone who has a fever and cough
1000260,Avoid unprotected direct contact with live animals and surfaces in contact with animals
1000239,Wash your hands regularly using alcohol or soap and water
1000239,Cover your mouth and nose when coughing or sneezing
1000239,Avoid close contact with anyone who has a fever and cough
1000239,Avoid unprotected direct contact with live animals and surfaces in contact with animals
1000239,social distance
1000194,Wash your hands regularly using alcohol or soap and water
1000194,Cover your mouth and nose when coughing or sneezing
1000194,Avoid close contact with anyone who has a fever and cough
1000198,Wash your hands regularly using alcohol or soap and water
1000198,Cover your mouth and nose when coughing or sneezing
1000198,Avoid close contact with anyone who has a fever and cough
1000198,Avoid unprotected direct contact with live animals and surfaces in contact with animals
1000162,Wash your hands regularly using alcohol or soap and water
1000162,Cover your mouth and nose when coughing or sneezing
1000162,Avoid close contact with anyone who has a fever and cough
1000136,Wash your hands regularly using alcohol or soap and water
1000181,Wash your hands regularly using alcohol or soap and water
1000181,Cover your mouth and nose when coughing or sneezing
1000181,Avoid close contact with anyone who has a fever and cough
1000181,Avoid unprotected direct contact with live animals and surfaces in contact with animals
1000210,Wash your hands regularly using alcohol or soap and water
1000210,Avoid close contact with anyone who has a fever and cough
1000139,Wash your hands regularly using alcohol or soap and water
1000139,Cover your mouth and nose when coughing or sneezing
1000139,Avoid close contact with anyone who has a fever and cough
1000139,Avoid unprotected direct contact with live animals and surfaces in contact with animals
1000133,Wash your hands regularly using alcohol or soap and water
1000133,Avoid close contact with anyone who has a fever and cough
1000133,Cook meat and eggs well
1000243,Wash your hands regularly using alcohol or soap and water
1000243,Cover your mouth and nose when coughing or sneezing
1000243,Avoid close contact with anyone who has a fever and cough
1000169,Wash your hands regularly using alcohol or soap and water
1000169,Cover your mouth and nose when coughing or sneezing
1000169,Avoid close contact with anyone who has a fever and cough
1000169,Cook meat and eggs well
1000169,Avoid unprotected direct contact with live animals and surfaces in contact with animals
1000182,Wash your hands regularly using alcohol or soap and water
1000182,Cover your mouth and nose when coughing or sneezing
1000182,Avoid close contact with anyone who has a fever and cough
1000170,Wash your hands regularly using alcohol or soap and water
1000170,Cover your mouth and nose when coughing or sneezing
1000170,Avoid close contact with anyone who has a fever and cough
1000170,Avoid unprotected direct contact with live animals and surfaces in contact with animals
1000101,Wash your hands regularly using alcohol or soap and water
1000101,Cover your mouth and nose when coughing or sneezing
1000101,Avoid close contact with anyone who has a fever and cough
1000101,Avoid unprotected direct contact with live animals and surfaces in contact with animals
1000267,Wash your hands regularly using alcohol or soap and water
1000267,Drink only treated water
1000267,Cover your mouth and nose when coughing or sneezing
1000267,Avoid close contact with anyone who has a fever and cough
1000134,Wash your hands regularly using alcohol or soap and water
1000134,Drink only treated water
1000134,Cover your mouth and nose when coughing or sneezing
1000134,Avoid close contact with anyone who has a fever and cough
1000134,Eliminate standing water
1000134,Avoid unprotected direct contact with live animals and surfaces in contact with animals
1000221,Wash your hands regularly using alcohol or soap and water
1000221,Cover your mouth and nose when coughing or sneezing
1000221,Avoid close contact with anyone who has a fever and cough
1000221,Avoid unprotected direct contact with live animals and surfaces in contact with animals
1000148,Wash your hands regularly using alcohol or soap and water
1000148,Cover your mouth and nose when coughing or sneezing
1000148,Avoid close contact with anyone who has a fever and cough
1000148,Cook meat and eggs well
1000148,Avoid unprotected direct contact with live animals and surfaces in contact with animals
1000252,Wash your hands regularly using alcohol or soap and water
1000274,Wash your hands regularly using alcohol or soap and water
1000274,Cover your mouth and nose when coughing or sneezing
1000274,Avoid unprotected direct contact with live animals and surfaces in contact with animals
1000144,Wash your hands regularly using alcohol or soap and water
1000144,Cover your mouth and nose when coughing or sneezing
1000144,Avoid close contact with anyone who has a fever and cough
1000220,Wash your hands regularly using alcohol or soap and water
1000220,Cover your mouth and nose when coughing or sneezing
1000220,Avoid close contact with anyone who has a fever and cough
1000220,Cook meat and eggs well
1000220,Avoid unprotected direct contact with live animals and surfaces in contact with animals
1000192,Wash your hands regularly using alcohol or soap and water
1000192,Cover your mouth and nose when coughing or sneezing
1000192,Avoid close contact with anyone who has a fever and cough
1000192,Avoid unprotected direct contact with live animals and surfaces in contact with animals
1000253,Wash your hands regularly using alcohol or soap and water
1000253,Cover your mouth and nose when coughing or sneezing
1000253,Avoid close contact with anyone who has a fever and cough
1000253,Avoid unprotected direct contact with live animals and surfaces in contact with animals
1000215,Wash your hands regularly using alcohol or soap and water
1000215,Cover your mouth and nose when coughing or sneezing
1000215,Avoid close contact with anyone who has a fever and cough
1000215,Avoid unprotected direct contact with live animals and surfaces in contact with animals
1000157,Wash your hands regularly using alcohol or soap and water
1000157,Cover your mouth and nose when coughing or sneezing
1000157,Avoid close contact with anyone who has a fever and cough
1000113,Wash your hands regularly using alcohol or soap and water
1000113,Cover your mouth and nose when coughing or sneezing
1000113,Avoid close contact with anyone who has a fever and cough
1000113,Cook meat and eggs well
1000113,Avoid unprotected direct contact with live animals and surfaces in contact with animals
1000140,Wash your hands regularly using alcohol or soap and water
1000140,Drink only treated water
1000140,Cover your mouth and nose when coughing or sneezing
1000140,Avoid close contact with anyone who has a fever and cough
1000140,Cook meat and eggs well
1000140,Avoid unprotected direct contact with live animals and surfaces in contact with animals
1000211,Wash your hands regularly using alcohol or soap and water
1000211,Cover your mouth and nose when coughing or sneezing
1000211,Avoid close contact with anyone who has a fever and cough
1000211,Eliminate standing water
1000211,Cook meat and eggs well
1000211,Avoid unprotected direct contact with live animals and surfaces in contact with animals
1000197,Wash your hands regularly using alcohol or soap and water
1000197,Cover your mouth and nose when coughing or sneezing
1000197,Avoid close contact with anyone who has a fever and cough
1000197,Cook meat and eggs well
1000313,Wash your hands regularly using alcohol or soap and water
1000313,Cover your mouth and nose when coughing or sneezing
1000313,Avoid close contact with anyone who has a fever and cough
1000313,Avoid unprotected direct contact with live animals and surfaces in contact with animals
1000266,Cover your mouth and nose when coughing or sneezing
1000266,Avoid close contact with anyone who has a fever and cough
1000108,Wash your hands regularly using alcohol or soap and water
1000108,Cover your mouth and nose when coughing or sneezing
1000108,Avoid close contact with anyone who has a fever and cough
1000108,Avoid unprotected direct contact with live animals and surfaces in contact with animals
1000164,Wash your hands regularly using alcohol or soap and water
1000164,Cover your mouth and nose when coughing or sneezing
1000164,Avoid close contact with anyone who has a fever and cough
1000110,Wash your hands regularly using alcohol or soap and water
1000110,Cover your mouth and nose when coughing or sneezing
1000110,Avoid close contact with anyone who has a fever and cough
1000103,Wash your hands regularly using alcohol or soap and water
1000103,Cover your mouth and nose when coughing or sneezing
1000103,Avoid close contact with anyone who has a fever and cough
1000256,Wash your hands regularly using alcohol or soap and water
1000256,Cover your mouth and nose when coughing or sneezing
1000256,Avoid close contact with anyone who has a fever and cough
1000264,Wash your hands regularly using alcohol or soap and water
1000264,Cover your mouth and nose when coughing or sneezing
1000264,Avoid close contact with anyone who has a fever and cough
1000264,Cook meat and eggs well
1000264,Avoid unprotected direct contact with live animals and surfaces in contact with animals
1000193,Wash your hands regularly using alcohol or soap and water
1000193,Cover your mouth and nose when coughing or sneezing
1000193,Avoid close contact with anyone who has a fever and cough
1000244,Wash your hands regularly using alcohol or soap and water
1000244,Cover your mouth and nose when coughing or sneezing
1000244,Avoid close contact with anyone who has a fever and cough
1000244,Avoid unprotected direct contact with live animals and surfaces in contact with animals
1000283,Wash your hands regularly using alcohol or soap and water
1000283,Cover your mouth and nose when coughing or sneezing
1000283,Avoid close contact with anyone who has a fever and cough
1000283,Avoid unprotected direct contact with live animals and surfaces in contact with animals
1000159,Wash your hands regularly using alcohol or soap and water
1000159,Cover your mouth and nose when coughing or sneezing
1000159,Avoid close contact with anyone who has a fever and cough
1000159,Cook meat and eggs well
1000262,Wash your hands regularly using alcohol or soap and water
1000262,Cover your mouth and nose when coughing or sneezing
1000262,Avoid close contact with anyone who has a fever and cough
1000262,Cook meat and eggs well
1000262,Avoid unprotected direct contact with live animals and surfaces in contact with animals
1000126,Wash your hands regularly using alcohol or soap and water
1000126,Cover your mouth and nose when coughing or sneezing
1000126,Avoid close contact with anyone who has a fever and cough
1000254,Wash your hands regularly using alcohol or soap and water
1000254,Cover your mouth and nose when coughing or sneezing
1000254,Avoid close contact with anyone who has a fever and cough
1000254,Cook meat and eggs well
1000152,Wash your hands regularly using alcohol or soap and water
1000152,Cover your mouth and nose when coughing or sneezing
1000238,Wash your hands regularly using alcohol or soap and water
1000238,Cover your mouth and nose when coughing or sneezing
1000238,Avoid close contact with anyone who has a fever and cough
1000238,Cook meat and eggs well
1000277,Wash your hands regularly using alcohol or soap and water
1000277,Cover your mouth and nose when coughing or sneezing
1000277,Avoid close contact with anyone who has a fever and cough
1000277,Cook meat and eggs well
1000277,Avoid unprotected direct contact with live animals and surfaces in contact with animals
1000106,Wash your hands regularly using alcohol or soap and water
1000106,Drink only treated water
1000106,Cover your mouth and nose when coughing or sneezing
1000106,Avoid close contact with anyone who has a fever and cough
1000106,Eliminate standing water
1000106,Cook meat and eggs well
1000106,Avoid unprotected direct contact with live animals and surfaces in contact with animals
1000130,Wash your hands regularly using alcohol or soap and water
1000130,Cover your mouth and nose when coughing or sneezing
1000130,Avoid close contact with anyone who has a fever and cough
1000130,Cook meat and eggs well
1000224,Wash your hands regularly using alcohol or soap and water
1000224,Drink only treated water
1000224,Cover your mouth and nose when coughing or sneezing
1000224,Avoid close contact with anyone who has a fever and cough
1000143,Wash your hands regularly using alcohol or soap and water
1000143,Cover your mouth and nose when coughing or sneezing
1000143,Avoid close contact with anyone who has a fever and cough
1000143,Avoid unprotected direct contact with live animals and surfaces in contact with animals
1000161,Cover your mouth and nose when coughing or sneezing
1000161,Avoid close contact with anyone who has a fever and cough
1000161,Social distancing and washing your hands at least 20 seconds with soap under running water and also sanitizeing your hands
1000137,Wash your hands regularly using alcohol or soap and water
1000137,Drink only treated water
1000137,Cover your mouth and nose when coughing or sneezing
1000137,Avoid close contact with anyone who has a fever and cough
1000137,Cook meat and eggs well
1000201,Wash your hands regularly using alcohol or soap and water
1000201,Drink only treated water
1000201,Cover your mouth and nose when coughing or sneezing
1000201,Avoid close contact with anyone who has a fever and cough
1000201,Eliminate standing water
1000300,Wash your hands regularly using alcohol or soap and water
1000300,Cover your mouth and nose when coughing or sneezing
1000300,Avoid close contact with anyone who has a fever and cough
1000317,Wash your hands regularly using alcohol or soap and water
1000317,Cover your mouth and nose when coughing or sneezing
1000317,Avoid close contact with anyone who has a fever and cough
1000314,Wash your hands regularly using alcohol or soap and water
1000314,Cover your mouth and nose when coughing or sneezing
1000314,Avoid close contact with anyone who has a fever and cough
1000314,Cook meat and eggs well
1000314,Avoid unprotected direct contact with live animals and surfaces in contact with animals
1000235,Wash your hands regularly using alcohol or soap and water
1000235,Cover your mouth and nose when coughing or sneezing
1000235,Avoid close contact with anyone who has a fever and cough
1000235,Avoid unprotected direct contact with live animals and surfaces in contact with animals
1000320,Wash your hands regularly using alcohol or soap and water
1000320,Cover your mouth and nose when coughing or sneezing
1000320,Avoid close contact with anyone who has a fever and cough
1000304,Wash your hands regularly using alcohol or soap and water
1000304,Drink only treated water
1000304,Cover your mouth and nose when coughing or sneezing
1000304,Avoid close contact with anyone who has a fever and cough
1000304,Cook meat and eggs well
1000195,Wash your hands regularly using alcohol or soap and water
1000195,Cover your mouth and nose when coughing or sneezing
1000195,Avoid close contact with anyone who has a fever and cough
1000195,Cook meat and eggs well
1000195,Avoid unprotected direct contact with live animals and surfaces in contact with animals
1000292,Wash your hands regularly using alcohol or soap and water
1000292,Cover your mouth and nose when coughing or sneezing
1000292,Avoid close contact with anyone who has a fever and cough
1000292,Avoid unprotected direct contact with live animals and surfaces in contact with animals
1000163,Wash your hands regularly using alcohol or soap and water
1000163,Cover your mouth and nose when coughing or sneezing
1000163,Avoid close contact with anyone who has a fever and cough
1000307,Wash your hands regularly using alcohol or soap and water
1000307,Cover your mouth and nose when coughing or sneezing
1000307,Avoid close contact with anyone who has a fever and cough
1000307,Cook meat and eggs well
1000307,Avoid unprotected direct contact with live animals and surfaces in contact with animals
1000153,Wash your hands regularly using alcohol or soap and water
1000153,Cover your mouth and nose when coughing or sneezing
1000132,Wash your hands regularly using alcohol or soap and water
1000132,Cover your mouth and nose when coughing or sneezing
1000168,Wash your hands regularly using alcohol or soap and water
1000168,Drink only treated water
1000168,Cover your mouth and nose when coughing or sneezing
1000168,Avoid close contact with anyone who has a fever and cough
1000306,Wash your hands regularly using alcohol or soap and water
1000306,Cover your mouth and nose when coughing or sneezing
1000306,Avoid close contact with anyone who has a fever and cough
1000180,Wash your hands regularly using alcohol or soap and water
1000180,Cover your mouth and nose when coughing or sneezing
1000180,Avoid close contact with anyone who has a fever and cough
1000180,Eliminate standing water
1000180,Cook meat and eggs well
1000180,Avoid unprotected direct contact with live animals and surfaces in contact with animals
1000151,Wash your hands regularly using alcohol or soap and water
1000151,Cover your mouth and nose when coughing or sneezing
1000151,Avoid close contact with anyone who has a fever and cough
1000151,Avoid unprotected direct contact with live animals and surfaces in contact with animals
1000165,Wash your hands regularly using alcohol or soap and water
1000165,Cover your mouth and nose when coughing or sneezing
1000165,Avoid close contact with anyone who has a fever and cough
1000165,Cook meat and eggs well
1000165,Avoid unprotected direct contact with live animals and surfaces in contact with animals
1000154,Wash your hands regularly using alcohol or soap and water
1000154,Cover your mouth and nose when coughing or sneezing
1000154,Avoid close contact with anyone who has a fever and cough
1000231,Sleep under the mosquito net
1000231,Drink only treated water
1000231,Cover your mouth and nose when coughing or sneezing
1000231,Avoid close contact with anyone who has a fever and cough
1000231,Avoid unprotected direct contact with live animals and surfaces in contact with animals
1000269,Wash your hands regularly using alcohol or soap and water
1000269,Drink only treated water
1000269,Cover your mouth and nose when coughing or sneezing
1000269,Avoid close contact with anyone who has a fever and cough
1000269,Avoid unprotected direct contact with live animals and surfaces in contact with animals
1000175,Wash your hands regularly using alcohol or soap and water
1000175,Cover your mouth and nose when coughing or sneezing
1000175,Avoid close contact with anyone who has a fever and cough
1000188,Wash your hands regularly using alcohol or soap and water
1000188,Drink only treated water
1000188,Cover your mouth and nose when coughing or sneezing
1000188,Avoid close contact with anyone who has a fever and cough
1000123,Cover your mouth and nose when coughing or sneezing
1000109,Wash your hands regularly using alcohol or soap and water
1000109,Cover your mouth and nose when coughing or sneezing
1000109,Avoid close contact with anyone who has a fever and cough
1000109,Avoid unprotected direct contact with live animals and surfaces in contact with animals
1000270,Wash your hands regularly using alcohol or soap and water
1000270,Cover your mouth and nose when coughing or sneezing
1000270,Avoid close contact with anyone who has a fever and cough
1000270,Cook meat and eggs well
1000229,Cover your mouth and nose when coughing or sneezing
1000229,Avoid close contact with anyone who has a fever and cough
1000150,Wash your hands regularly using alcohol or soap and water
1000150,Drink only treated water
1000150,Cover your mouth and nose when coughing or sneezing
1000319,Wash your hands regularly using alcohol or soap and water
1000319,Drink only treated water
1000319,Cover your mouth and nose when coughing or sneezing
1000319,Avoid close contact with anyone who has a fever and cough
1000319,Cook meat and eggs well
1000319,Avoid unprotected direct contact with live animals and surfaces in contact with animals
1000124,Wash your hands regularly using alcohol or soap and water
1000124,Cover your mouth and nose when coughing or sneezing
1000124,Avoid close contact with anyone who has a fever and cough
1000124,Avoid unprotected direct contact with live animals and surfaces in contact with animals
1000160,Wash your hands regularly using alcohol or soap and water
1000160,Drink only treated water
1000160,Cover your mouth and nose when coughing or sneezing
1000160,Avoid close contact with anyone who has a fever and cough
1000160,Avoid unprotected direct contact with live animals and surfaces in contact with animals
1000184,Wash your hands regularly using alcohol or soap and water
1000184,Drink only treated water
1000184,Cover your mouth and nose when coughing or sneezing
1000184,Avoid close contact with anyone who has a fever and cough
1000184,Avoid unprotected direct contact with live animals and surfaces in contact with animals
1000172,Wash your hands regularly using alcohol or soap and water
1000172,Drink only treated water
1000172,Cover your mouth and nose when coughing or sneezing
1000172,Avoid close contact with anyone who has a fever and cough
1000172,Avoid unprotected direct contact with live animals and surfaces in contact with animals
1000240,Wash your hands regularly using alcohol or soap and water
1000240,Cover your mouth and nose when coughing or sneezing
1000240,Avoid close contact with anyone who has a fever and cough
1000112,Wash your hands regularly using alcohol or soap and water
1000112,Cover your mouth and nose when coughing or sneezing
1000112,Avoid close contact with anyone who has a fever and cough
1000263,Wash your hands regularly using alcohol or soap and water
1000263,Drink only treated water
1000263,Cover your mouth and nose when coughing or sneezing
1000263,Avoid close contact with anyone who has a fever and cough
1000263,Avoid unprotected direct contact with live animals and surfaces in contact with animals
1000322,Wash your hands regularly using alcohol or soap and water
1000322,Cover your mouth and nose when coughing or sneezing
1000138,Wash your hands regularly using alcohol or soap and water
1000138,Cover your mouth and nose when coughing or sneezing
1000138,Avoid close contact with anyone who has a fever and cough
1000138,Cook meat and eggs well
1000138,Avoid unprotected direct contact with live animals and surfaces in contact with animals
1000310,Wash your hands regularly using alcohol or soap and water
1000310,Drink only treated water
1000310,Cover your mouth and nose when coughing or sneezing
1000310,Avoid close contact with anyone who has a fever and cough
1000310,Cook meat and eggs well
1000310,Avoid unprotected direct contact with live animals and surfaces in contact with animals
1000257,Wash your hands regularly using alcohol or soap and water
1000257,Cover your mouth and nose when coughing or sneezing
1000257,Avoid close contact with anyone who has a fever and cough
1000257,Wearing nose masks when going out and avoid crowded places . Also ensuring social distancing 
1000287,Wash your hands regularly using alcohol or soap and water
1000287,Cover your mouth and nose when coughing or sneezing
1000287,Avoid close contact with anyone who has a fever and cough
1000287,Avoid unprotected direct contact with live animals and surfaces in contact with animals
1000213,Wash your hands regularly using alcohol or soap and water
1000213,Cover your mouth and nose when coughing or sneezing
1000213,Avoid close contact with anyone who has a fever and cough
1000213,Cook meat and eggs well
1000213,Avoid unprotected direct contact with live animals and surfaces in contact with animals
1000218,Wash your hands regularly using alcohol or soap and water
1000218,Cover your mouth and nose when coughing or sneezing
1000218,Avoid close contact with anyone who has a fever and cough
1000305,Wash your hands regularly using alcohol or soap and water
1000305,Cover your mouth and nose when coughing or sneezing
1000305,Avoid close contact with anyone who has a fever and cough
1000305,Avoid unprotected direct contact with live animals and surfaces in contact with animals
1000118,Wash your hands regularly using alcohol or soap and water
1000118,Cover your mouth and nose when coughing or sneezing
1000118,Avoid close contact with anyone who has a fever and cough
1000118,Avoid unprotected direct contact with live animals and surfaces in contact with animals
1000200,Wash your hands regularly using alcohol or soap and water
1000200,Cover your mouth and nose when coughing or sneezing
1000200,Avoid close contact with anyone who has a fever and cough
1000248,Wash your hands regularly using alcohol or soap and water
1000248,Cover your mouth and nose when coughing or sneezing
1000248,Avoid close contact with anyone who has a fever and cough
1000248,Cook meat and eggs well
1000248,Avoid unprotected direct contact with live animals and surfaces in contact with animals
1000280,Wash your hands regularly using alcohol or soap and water
1000280,Cover your mouth and nose when coughing or sneezing
1000280,Avoid close contact with anyone who has a fever and cough
1000234,Wash your hands regularly using alcohol or soap and water
1000234,Cover your mouth and nose when coughing or sneezing
1000234,Avoid close contact with anyone who has a fever and cough
1000282,Wash your hands regularly using alcohol or soap and water
1000282,Cover your mouth and nose when coughing or sneezing
1000282,Avoid close contact with anyone who has a fever and cough
1000282,Cook meat and eggs well
1000282,Avoid unprotected direct contact with live animals and surfaces in contact with animals
1000228,Wash your hands regularly using alcohol or soap and water
1000228,Cover your mouth and nose when coughing or sneezing
1000228,Avoid close contact with anyone who has a fever and cough
1000242,Wash your hands regularly using alcohol or soap and water
1000242,Cover your mouth and nose when coughing or sneezing
1000242,Avoid close contact with anyone who has a fever and cough
1000312,Wash your hands regularly using alcohol or soap and water
1000312,Cover your mouth and nose when coughing or sneezing
1000312,Avoid close contact with anyone who has a fever and cough
1000281,Wash your hands regularly using alcohol or soap and water
1000281,Cover your mouth and nose when coughing or sneezing
1000281,Avoid close contact with anyone who has a fever and cough
1000281,Cook meat and eggs well
1000281,Avoid unprotected direct contact with live animals and surfaces in contact with animals
1000120,Wash your hands regularly using alcohol or soap and water
1000120,Cover your mouth and nose when coughing or sneezing
1000120,Avoid close contact with anyone who has a fever and cough
1000230,Wash your hands regularly using alcohol or soap and water
1000230,Cover your mouth and nose when coughing or sneezing
1000209,Wash your hands regularly using alcohol or soap and water
1000209,Cover your mouth and nose when coughing or sneezing
1000209,Avoid close contact with anyone who has a fever and cough
1000276,Wash your hands regularly using alcohol or soap and water
1000276,Cover your mouth and nose when coughing or sneezing
1000276,Avoid close contact with anyone who has a fever and cough
1000276,Avoid unprotected direct contact with live animals and surfaces in contact with animals
1000232,Wash your hands regularly using alcohol or soap and water
1000232,Cover your mouth and nose when coughing or sneezing
1000232,Avoid close contact with anyone who has a fever and cough
1000245,Wash your hands regularly using alcohol or soap and water
1000245,Cover your mouth and nose when coughing or sneezing
1000245,Avoid close contact with anyone who has a fever and cough
1000125,Wash your hands regularly using alcohol or soap and water
1000125,Cover your mouth and nose when coughing or sneezing
1000125,Avoid close contact with anyone who has a fever and cough
1000286,Wash your hands regularly using alcohol or soap and water
1000286,Drink only treated water
1000286,Cover your mouth and nose when coughing or sneezing
1000286,Avoid close contact with anyone who has a fever and cough
1000286,Eliminate standing water
1000286,Cook meat and eggs well
1000286,Avoid unprotected direct contact with live animals and surfaces in contact with animals
1000255,Wash your hands regularly using alcohol or soap and water
1000255,Drink only treated water
1000255,Cover your mouth and nose when coughing or sneezing
1000255,Avoid close contact with anyone who has a fever and cough
1000255,Cook meat and eggs well
1000255,Avoid unprotected direct contact with live animals and surfaces in contact with animals
1000272,Sleep under the mosquito net
1000272,Wash your hands regularly using alcohol or soap and water
1000272,Cover your mouth and nose when coughing or sneezing
1000272,Avoid close contact with anyone who has a fever and cough
1000272,Cook meat and eggs well
1000272,Avoid unprotected direct contact with live animals and surfaces in contact with animals
1000272,"Drinking warm water, use of sanitizer ,use of nose mask, social distance"
1000249,Wash your hands regularly using alcohol or soap and water
1000249,Drink only treated water
1000249,Cover your mouth and nose when coughing or sneezing
1000249,Avoid close contact with anyone who has a fever and cough
1000249,Cook meat and eggs well
1000258,Wash your hands regularly using alcohol or soap and water
1000258,Drink only treated water
1000258,Cover your mouth and nose when coughing or sneezing
1000258,Avoid close contact with anyone who has a fever and cough
1000258,Avoid unprotected direct contact with live animals and surfaces in contact with animals
1000294,Wash your hands regularly using alcohol or soap and water
1000294,Cover your mouth and nose when coughing or sneezing
1000294,Avoid close contact with anyone who has a fever and cough
1000216,Wash your hands regularly using alcohol or soap and water
1000216,Drink only treated water
1000216,Cover your mouth and nose when coughing or sneezing
1000216,Avoid close contact with anyone who has a fever and cough
1000216,Cook meat and eggs well
1000216,Avoid unprotected direct contact with live animals and surfaces in contact with animals
1000156,Wash your hands regularly using alcohol or soap and water
1000156,Cover your mouth and nose when coughing or sneezing
1000156,Avoid close contact with anyone who has a fever and cough
1000156,Avoid unprotected direct contact with live animals and surfaces in contact with animals
1000102,Wash your hands regularly using alcohol or soap and water
1000102,Cover your mouth and nose when coughing or sneezing
1000102,Avoid close contact with anyone who has a fever and cough
1000102,Cook meat and eggs well
1000102,Avoid unprotected direct contact with live animals and surfaces in contact with animals
1000166,Wash your hands regularly using alcohol or soap and water
1000166,Cover your mouth and nose when coughing or sneezing
1000166,Avoid close contact with anyone who has a fever and cough
1000207,Wash your hands regularly using alcohol or soap and water
1000207,Cover your mouth and nose when coughing or sneezing
1000207,Avoid close contact with anyone who has a fever and cough
1000207,Cook meat and eggs well
1000207,Avoid unprotected direct contact with live animals and surfaces in contact with animals
1000309,Wash your hands regularly using alcohol or soap and water
1000309,Cover your mouth and nose when coughing or sneezing
1000309,Avoid close contact with anyone who has a fever and cough
1000202,Wash your hands regularly using alcohol or soap and water
1000202,Cover your mouth and nose when coughing or sneezing
1000202,Avoid close contact with anyone who has a fever and cough
1000202,Cook meat and eggs well
1000202,Avoid unprotected direct contact with live animals and surfaces in contact with animals
1000100,Wash your hands regularly using alcohol or soap and water
1000100,Cover your mouth and nose when coughing or sneezing
1000100,Avoid close contact with anyone who has a fever and cough
1000299,Wash your hands regularly using alcohol or soap and water
1000299,Cover your mouth and nose when coughing or sneezing
1000299,Avoid close contact with anyone who has a fever and cough
1000241,Wash your hands regularly using alcohol or soap and water
1000241,Drink only treated water
1000241,Cover your mouth and nose when coughing or sneezing
1000241,Avoid close contact with anyone who has a fever and cough
1000303,Wash your hands regularly using alcohol or soap and water
1000303,Drink only treated water
1000303,Cover your mouth and nose when coughing or sneezing
1000303,Avoid close contact with anyone who has a fever and cough
1000303,Avoid unprotected direct contact with live animals and surfaces in contact with animals
1000288,Wash your hands regularly using alcohol or soap and water
1000288,Cover your mouth and nose when coughing or sneezing
1000288,Avoid close contact with anyone who has a fever and cough
1000291,Wash your hands regularly using alcohol or soap and water
1000291,Cover your mouth and nose when coughing or sneezing
1000291,Avoid close contact with anyone who has a fever and cough
1000291,Avoid unprotected direct contact with live animals and surfaces in contact with animals
1000183,Wash your hands regularly using alcohol or soap and water
1000183,Drink only treated water
1000183,Cover your mouth and nose when coughing or sneezing
1000183,Avoid close contact with anyone who has a fever and cough
1000183,Avoid unprotected direct contact with live animals and surfaces in contact with animals
1000316,Wash your hands regularly using alcohol or soap and water
1000316,Cover your mouth and nose when coughing or sneezing
1000316,Avoid close contact with anyone who has a fever and cough
1000316,Avoid unprotected direct contact with live animals and surfaces in contact with animals
1000223,Wash your hands regularly using alcohol or soap and water
1000223,Cover your mouth and nose when coughing or sneezing
1000173,Wash your hands regularly using alcohol or soap and water
1000173,Cover your mouth and nose when coughing or sneezing
1000173,Avoid close contact with anyone who has a fever and cough
1000293,Wash your hands regularly using alcohol or soap and water
1000293,Cover your mouth and nose when coughing or sneezing
1000293,Avoid close contact with anyone who has a fever and cough
1000293,Cook meat and eggs well
1000293,Avoid unprotected direct contact with live animals and surfaces in contact with animals
1000284,Wash your hands regularly using alcohol or soap and water
1000284,Cover your mouth and nose when coughing or sneezing
1000284,Avoid close contact with anyone who has a fever and cough
1000186,Wash your hands regularly using alcohol or soap and water
1000186,Drink only treated water
1000186,Cover your mouth and nose when coughing or sneezing
1000186,Avoid close contact with anyone who has a fever and cough
1000186,Cook meat and eggs well
1000186,Avoid unprotected direct contact with live animals and surfaces in contact with animals
1000129,Wash your hands regularly using alcohol or soap and water
1000129,Drink only treated water
1000129,Cover your mouth and nose when coughing or sneezing
1000129,Avoid close contact with anyone who has a fever and cough
1000129,Eliminate standing water
1000129,Cook meat and eggs well
1000129,Avoid unprotected direct contact with live animals and surfaces in contact with animals
1000191,Wash your hands regularly using alcohol or soap and water
1000191,Cover your mouth and nose when coughing or sneezing
1000191,Avoid close contact with anyone who has a fever and cough
1000251,Wash your hands regularly using alcohol or soap and water
1000251,Cover your mouth and nose when coughing or sneezing
1000251,Avoid close contact with anyone who has a fever and cough
1000179,Wash your hands regularly using alcohol or soap and water
1000179,Cover your mouth and nose when coughing or sneezing
1000179,Avoid close contact with anyone who has a fever and cough
1000179,Avoid unprotected direct contact with live animals and surfaces in contact with animals
1000178,Wash your hands regularly using alcohol or soap and water
1000178,Cover your mouth and nose when coughing or sneezing
1000178,Avoid close contact with anyone who has a fever and cough
1000178,Avoid unprotected direct contact with live animals and surfaces in contact with animals
1000107,Wash your hands regularly using alcohol or soap and water
1000107,Cover your mouth and nose when coughing or sneezing
1000321,Wash your hands regularly using alcohol or soap and water
1000321,Cover your mouth and nose when coughing or sneezing
1000321,Avoid close contact with anyone who has a fever and cough
1000321,Avoid unprotected direct contact with live animals and surfaces in contact with animals
1000115,Wash your hands regularly using alcohol or soap and water
1000115,Cover your mouth and nose when coughing or sneezing
1000115,Avoid close contact with anyone who has a fever and cough
1000259,Wash your hands regularly using alcohol or soap and water
1000259,Drink only treated water
1000259,Cover your mouth and nose when coughing or sneezing
1000259,Avoid close contact with anyone who has a fever and cough
1000259,Avoid unprotected direct contact with live animals and surfaces in contact with animals
1000105,Wash your hands regularly using alcohol or soap and water
1000105,Cover your mouth and nose when coughing or sneezing
1000105,Cook meat and eggs well
1000279,Wash your hands regularly using alcohol or soap and water
1000279,Drink only treated water
1000279,Cover your mouth and nose when coughing or sneezing
1000279,Avoid close contact with anyone who has a fever and cough
1000279,Eliminate standing water
1000279,Cook meat and eggs well
1000279,Avoid unprotected direct contact with live animals and surfaces in contact with animals
1000149,Wash your hands regularly using alcohol or soap and water
1000149,Cover your mouth and nose when coughing or sneezing
1000149,Avoid close contact with anyone who has a fever and cough
1000149,Cook meat and eggs well
1000149,Avoid unprotected direct contact with live animals and surfaces in contact with animals
1000208,Wash your hands regularly using alcohol or soap and water
1000208,Cover your mouth and nose when coughing or sneezing
1000208,Avoid close contact with anyone who has a fever and cough
1000142,Wash your hands regularly using alcohol or soap and water
1000142,Cover your mouth and nose when coughing or sneezing
1000142,Avoid close contact with anyone who has a fever and cough
1000222,Wash your hands regularly using alcohol or soap and water
1000222,Drink only treated water
1000222,Cover your mouth and nose when coughing or sneezing
1000222,Avoid close contact with anyone who has a fever and cough
1000222,Cook meat and eggs well
1000222,Avoid unprotected direct contact with live animals and surfaces in contact with animals
1000308,Wash your hands regularly using alcohol or soap and water
1000308,Drink only treated water
1000308,Cover your mouth and nose when coughing or sneezing
1000308,Avoid close contact with anyone who has a fever and cough
1000146,Wash your hands regularly using alcohol or soap and water
1000146,Cover your mouth and nose when coughing or sneezing
1000146,Avoid close contact with anyone who has a fever and cough
1000146,Cook meat and eggs well
1000146,Avoid unprotected direct contact with live animals and surfaces in contact with animals
1000298,Wash your hands regularly using alcohol or soap and water
1000298,Cover your mouth and nose when coughing or sneezing
1000298,Avoid close contact with anyone who has a fever and cough
1000298,Avoid unprotected direct contact with live animals and surfaces in contact with animals
1000298,Wearing of nose mask
1000236,Wash your hands regularly using alcohol or soap and water
1000236,Cover your mouth and nose when coughing or sneezing
1000236,Avoid close contact with anyone who has a fever and cough
1000236,Cook meat and eggs well
1000236,Avoid unprotected direct contact with live animals and surfaces in contact with animals
1000297,Wash your hands regularly using alcohol or soap and water
1000297,Drink only treated water
1000297,Cover your mouth and nose when coughing or sneezing
1000297,Avoid close contact with anyone who has a fever and cough
1000297,Cook meat and eggs well
1000297,Avoid unprotected direct contact with live animals and surfaces in contact with animals
1000296,Wash your hands regularly using alcohol or soap and water
1000296,Cover your mouth and nose when coughing or sneezing
1000296,Avoid close contact with anyone who has a fever and cough
1000296,Cook meat and eggs well
1000296,Avoid unprotected direct contact with live animals and surfaces in contact with animals
1000250,Wash your hands regularly using alcohol or soap and water
1000250,Cover your mouth and nose when coughing or sneezing
1000145,Wash your hands regularly using alcohol or soap and water
1000145,Cover your mouth and nose when coughing or sneezing
1000145,Avoid close contact with anyone who has a fever and cough
1000145,Cook meat and eggs well
1000145,Avoid unprotected direct contact with live animals and surfaces in contact with animals
1000273,Wash your hands regularly using alcohol or soap and water
1000273,Cover your mouth and nose when coughing or sneezing
1000273,Avoid close contact with anyone who has a fever and cough
1000127,Wash your hands regularly using alcohol or soap and water
1000127,Cover your mouth and nose when coughing or sneezing
1000127,Avoid close contact with anyone who has a fever and cough
1000247,Wash your hands regularly using alcohol or soap and water
1000247,Cover your mouth and nose when coughing or sneezing
1000247,Avoid close contact with anyone who has a fever and cough
1000227,Wash your hands regularly using alcohol or soap and water
1000227,Drink only treated water
1000227,Cover your mouth and nose when coughing or sneezing
1000227,Avoid close contact with anyone who has a fever and cough
1000227,Avoid unprotected direct contact with live animals and surfaces in contact with animals
1000265,Wash your hands regularly using alcohol or soap and water
1000265,Cover your mouth and nose when coughing or sneezing
1000265,Avoid close contact with anyone who has a fever and cough
1000265,Cook meat and eggs well
1000265,Avoid unprotected direct contact with live animals and surfaces in contact with animals
1000311,Wash your hands regularly using alcohol or soap and water
1000311,Cover your mouth and nose when coughing or sneezing
1000311,Avoid close contact with anyone who has a fever and cough
1000311,Cook meat and eggs well
